Country_Name,Country_Code,Indicator_Name,Indicator_Code,Region_name,Region_Code,Income_Group,Income_Code,most_recent_survey,household_survey,yr_1970,yr_1971,yr_1972,yr_1973,yr_1974,yr_1975,yr_1976,yr_1977,yr_1978,yr_1979,yr_1980,yr_1981,yr_1982,yr_1983,yr_1984,yr_1985,yr_1986,yr_1987,yr_1988,yr_1989,yr_1990,yr_1991,yr_1992,yr_1993,yr_1994,yr_1995,yr_1996,yr_1997,yr_1998,yr_1999,yr_2000,yr_2001,yr_2002,yr_2003,yr_2004,yr_2005,yr_2006,yr_2007,yr_2008,yr_2009,yr_2010,yr_2011,yr_2012,yr_2013,yr_2014,yr_2015,yr_2016,yr_2017,yr_2020,yr_2025,yr_2030,yr_2035,yr_2040,yr_2045,yr_2050,yr_2055,yr_2060,yr_2065,yr_2070,yr_2075,yr_2080,yr_2085,yr_2090,yr_2095,yr_2100
Aruba,ABW,"literacy_rate_women",SE.ADT.LITR.FE.ZS,Latin America & Caribbean,LCN,High income,HIC,,,,,,,,,,,,,,,,,,,,,,,,,,,,,,,,,97.07136,,,,,,,,,,96.71978,,,,,,,,,,,,,,,,,,,,,,,,
Afghanistan,AFG,"literacy_rate_women",SE.ADT.LITR.FE.ZS,South Asia,SAS,Low income,LIC,"Integrated household survey (IHS), 2008","Multiple Indicator Cluster Survey (MICS), 2010/11",,,,,,,,,,4.987460136,,,,,,,,,,,,,,,,,,,,,,,,,,,,,,,,17.61206,,,,,,,,,,,,,,,,,,,,,,,
Angola,AGO,"literacy_rate_women",SE.ADT.LITR.FE.ZS,Sub-Saharan Africa,SSF,Upper middle income,UMC,"Integrated household survey (IHS), 2008","Malaria Indicator Survey (MIS), 2011",,,,,,,,,,,,,,,,,,,,,,,,,,,,,,,,54.19449,,,,,,,,,,,,,53.40721,,,,,,,,,,,,,,,,,,,,
Albania,ALB,"literacy_rate_women",SE.ADT.LITR.FE.ZS,Europe & Central Asia,ECS,Upper middle income,UMC,"Living Standards Measurement Study Survey (LSMS), 2012","Demographic and Health Survey (DHS), 2008/09",,,,,,,,,,,,,,,,,,,,,,,,,,,,,,,,98.25227,,,,,,,94.68181,,,95.69148,96.13607,,,,,,,,,,,,,,,,,,,,,,
Andorra,AND,"literacy_rate_women",SE.ADT.LITR.FE.ZS,Europe & Central Asia,ECS,High income,HIC,,,,,,,,,,,,,,,,,,,,,,,,,,,,,,,,,,,,,,,,,,,,,,,,100,100,,,,,,,,,,,,,,,,,,
Arab World,ARB,"literacy_rate_women",SE.ADT.LITR.FE.ZS,,,,,,,,,,,,,,,,,,,,,,41.08987427,41.08987427,41.08987427,41.08987427,41.08987427,41.08987427,41.08987427,41.08987427,41.08987427,41.08987427,54.99340439,54.99340439,54.99340439,54.99340439,54.99340439,54.99340439,54.99340439,54.99340439,54.99340439,54.99340439,69.22720337,69.22720337,69.22720337,69.22720337,69.22720337,69.22720337,69.22720337,69.22720337,69.22720337,69.22720337,,,,,,,,,,,,,,,,,,,,
United Arab Emirates,ARE,"literacy_rate_women",SE.ADT.LITR.FE.ZS,Middle East & North Africa,MEA,High income,HIC,,,,,,,,38.1248703,,,,,,,,,,68.66127777,,,,,,,,,,,,,,,,,,,,91.47475,,,,,,,,,,,,,,,,,,,,,,,,,,,,,
Argentina,ARG,"literacy_rate_women",SE.ADT.LITR.FE.ZS,Latin America & Caribbean,LCN,Upper middle income,UMC,"Integrated household survey (IHS), 2012","Multiple Indicator Cluster Survey (MICS), 2011/12",,,,,,,,,,,93.58088684,,,,,,,,,,,96.04135895,,,,,,,,,,97.19341,,,,,,,,,,,,,,98.13,,,,,,,,,,,,,,,,,,,
Armenia,ARM,"literacy_rate_women",SE.ADT.LITR.FE.ZS,Europe & Central Asia,ECS,Lower middle income,LMC,"Integrated household survey (IHS), 2012","Demographic and Health Survey (DHS), 2010",,,,,,,,,,,,,,,,,,,,98.15013885,,,,,,,,,,,,99.16107,,,,,,,,,,99.69035,,,,,,,,,,,,,,,,,,,,,,,
American Samoa,ASM,"literacy_rate_women",SE.ADT.LITR.FE.ZS,East Asia & Pacific,EAS,Upper middle income,UMC,,,,,,,,,,,,,97.21990967,,,,,,,,,,,,,,,,,,,,,,,,,,,,,,,,,,,,,,,,,,,,,,,,,,,,,,
Antigua and Barbuda,ATG,"literacy_rate_women",SE.ADT.LITR.FE.ZS,Latin America & Caribbean,LCN,High income,HIC,,,,,,,,,,,,,,,,,,,,,,,,,,,,,,,,,,99.42,,,,,,,,,,,,,,,,,,,,,,,,,,,,,,,,,
Australia,AUS,"literacy_rate_women",SE.ADT.LITR.FE.ZS,East Asia & Pacific,EAS,High income,HIC,"Expenditure survey/budget survey (ES/BS), 1994",,,,,,,,,,,,,,,,,,,,,,,,,,,,,,,,,,,,,,,,,,,,,,,,,,,,,,,,,,,,,,,,,,
Austria,AUT,"literacy_rate_women",SE.ADT.LITR.FE.ZS,Europe & Central Asia,ECS,High income,HIC,"Income survey (IS), 2000",,,,,,,,,,,,,,,,,,,,,,,,,,,,,,,,,,,,,,,,,,,,,,,,,,,,,,,,,,,,,,,,,,
Azerbaijan,AZE,"literacy_rate_women",SE.ADT.LITR.FE.ZS,Europe & Central Asia,ECS,Upper middle income,UMC,"Expenditure survey/budget survey (ES/BS), 2012","Demographic and Health Survey (DHS), 2006",,,,,,,,,,,,,,,,,,,,,,,,,,,,,,98.17478,,,,,,,,99.39788,,99.68215,99.69263,99.70496,99.70286,99.71682,99.71966,99.71714,99.71955,,,,,,,,,,,,,,,,,,
Burundi,BDI,"literacy_rate_women",SE.ADT.LITR.FE.ZS,Sub-Saharan Africa,SSF,Low income,LIC,"Core Welfare Indicator Questionnaire Survey (CWIQ), 2006","Malaria Indicator Survey (MIS), 2012",,,,,,,,,,11.9835701,,,,,,,,,,,27.52930069,,,,,,,,,,52.23776,,,,,,,,43.15719,,,,,,54.66303,,,,,,,,,,,,,,,,,,,,
Belgium,BEL,"literacy_rate_women",SE.ADT.LITR.FE.ZS,Europe & Central Asia,ECS,High income,HIC,"Integrated household survey (IHS), 2000",,,,,,,,,,,,,,,,,,,,,,,,,,,,,,,,,,,,,,,,,,,,,,,,,,,,,,,,,,,,,,,,,,
Benin,BEN,"literacy_rate_women",SE.ADT.LITR.FE.ZS,Sub-Saharan Africa,SSF,Low income,LIC,"Core Welfare Indicator Questionnaire Survey (CWIQ), 2011","Demographic and Health Survey (DHS), 2011/12",,,,,,,,,,9.539079666,,,,,,,,,,,,,16.56524086,,,,,,,,,,23.30014,,,,18.44291,,,,,,22.09388,,,,,,,,,,,,,,,,,,,,,,
Burkina Faso,BFA,"literacy_rate_women",SE.ADT.LITR.FE.ZS,Sub-Saharan Africa,SSF,Low income,LIC,"Core Welfare Indicator Questionnaire Survey (CWIQ), 2009","Demographic and Health Survey (DHS), 2010",,,,,,3.182770014,,,,,,,,,,,,,,,,8.225429535,,,,,8.057979584,,,,,,,15.18877,,16.62224,16.29113,21.57957,,,,,,,26.22025,,,,,,,,,,,,,,,,,,,,
Bangladesh,BGD,"literacy_rate_women",SE.ADT.LITR.FE.ZS,South Asia,SAS,Low income,LIC,"Integrated household survey (IHS), 2010","Demographic and Health Survey (DHS), 2011",,,,,,,,,,,,17.9716301,,,,,,,,,,25.83897972,,,,,,,,,,40.82335,,,,,,43.74085,,,,46.74321,,,,,69.89721,,,,,,,,,,,,,,,,,,
Bulgaria,BGR,"literacy_rate_women",SE.ADT.LITR.FE.ZS,Europe & Central Asia,ECS,Upper middle income,UMC,"Expenditure survey/budget survey (ES/BS), 2007","Living Standards Measurement Study Survey (LSMS), 2007",,,,,,,,,,,,,,,,,,,,,,,,,,,,,,,,97.70649,,,,,,,,,,97.9839,,,,,,,,,,,,,,,,,,,,,,,
Bahrain,BHR,"literacy_rate_women",SE.ADT.LITR.FE.ZS,Middle East & North Africa,MEA,High income,HIC,,,,,,,,,,,,,,58.59109116,,,,,,,,,,76.93231964,,,,,,,,,,83.55742,,,,,,,,,91.61258,,,,,,,,,,,,,,,,,,,,,,,,
"Bahamas, The",BHS,"literacy_rate_women",SE.ADT.LITR.FE.ZS,Latin America & Caribbean,LCN,High income,HIC,,,,,,,,,,,,,,,,,,,,,,,,,,,,,,,,,,,,,,,,,,,,,,,,,,,,,,,,,,,,,,,,,,,
Bosnia and Herzegovina,BIH,"literacy_rate_women",SE.ADT.LITR.FE.ZS,Europe & Central Asia,ECS,Upper middle income,UMC,"Living Standards Measurement Study Survey (LSMS), 2007","Multiple Indicator Cluster Survey (MICS), 2011/12",,,,,,,,,,,,,,,,,,,,,,79.93952942,,,,,,,,,94.35994,,,,,,,,,,,96.80371,,94.91049,,,,,,,,,,,,,,,,,,,,,
Belarus,BLR,"literacy_rate_women",SE.ADT.LITR.FE.ZS,Europe & Central Asia,ECS,Upper middle income,UMC,"Expenditure survey/budget survey (ES/BS), 2012","Multiple Indicator Cluster Survey (MICS), 2012",,,,,,,,,,,,,,,,,,,,96.6282196,,,,,,,,,,99.41972,,,,,,,,,,99.49399,,,,,,,,,,,,,,,,,,,,,,,,,
Belize,BLZ,"literacy_rate_women",SE.ADT.LITR.FE.ZS,Latin America & Caribbean,LCN,Upper middle income,UMC,"Expenditure survey/budget survey (ES/BS), 2011","Multiple Indicator Cluster Survey (MICS), 2011",,,,,,,,,,,,,,,,,,,,,,70.32839203,,,,,,,,,,,,,,,,,,,,,,,,,,,,,,,,,,,,,,,,,,,
Bermuda,BMU,"literacy_rate_women",SE.ADT.LITR.FE.ZS,North America,NAC,High income,HIC,,,,,,,,,,,,,,,,,,,,,,,,,,,,,,,,,,,,,,,,,,,,,,,,,,,,,,,,,,,,,,,,,,,
Bolivia,BOL,"literacy_rate_women",SE.ADT.LITR.FE.ZS,Latin America & Caribbean,LCN,Lower middle income,LMC,"Integrated household survey (IHS), 2009","Demographic and Health Survey (DHS), 2008",,,,,,,51.37464905,,,,,,,,,,,,,,,,72.31321716,,,,,,,,,80.65438,,,,,,85.98594,86.83175,86.82146,,88.0802,91.87327,,,88.58286,,,,,,,,,,,,,,,,,,,
Brazil,BRA,"literacy_rate_women",SE.ADT.LITR.FE.ZS,Latin America & Caribbean,LCN,Upper middle income,UMC,"Integrated household survey (IHS), 2012","World Health Survey (WHS), 2003",,,,,,,,,,,72.85314941,,,,,,,,,,,,,,,,,,,,86.50005,,,,88.80613,,89.85559,90.22801,90.21955,90.41122,90.6817,91.63315,91.6249,91.76496,92.06052,,,,,,,,,,,,,,,,,,,,
Barbados,BRB,"literacy_rate_women",SE.ADT.LITR.FE.ZS,Latin America & Caribbean,LCN,High income,HIC,,"Multiple Indicator Cluster Survey (MICS), 2012",99.2515564,,,,,,,,,,,,,,,,,,,,,,,,,,,,,,,,,,,,,,,,,,,,,,,,,,,,,,,,,,,,,,,,
Brunei Darussalam,BRN,"literacy_rate_women",SE.ADT.LITR.FE.ZS,East Asia & Pacific,EAS,High income,HIC,,,,,,,,,,,,,,68.98258209,,,,,,,,,,82.46135712,,,,,,,,,,90.16155,,,,,,,,,,94.65248,,,,,,,,,,,,,,,,,,,,,,,
Bhutan,BTN,"literacy_rate_women",SE.ADT.LITR.FE.ZS,South Asia,SAS,Lower middle income,LMC,"Integrated household survey (IHS), 2012","Multiple Indicator Cluster Survey (MICS), 2010",,,,,,,,,,,,,,,,,,,,,,,,,,,,,,,,,,,,38.68066,,,,,,,48.01656,,,,,,,,,,,,,,,,,,,,,,
Botswana,BWA,"literacy_rate_women",SE.ADT.LITR.FE.ZS,Sub-Saharan Africa,SSF,Upper middle income,UMC,"Expenditure survey/budget survey (ES/BS), 2009/10","Demographic and Health Survey (DHS), 1988",,,,,,,,,,,,,,,,,,,,,,71.29924011,,,,,,,,,,,,81.80795,,,,,,,,,,,,,,,,,,,,,,,,,,,,,,,
Central African Republic,CAF,"literacy_rate_women",SE.ADT.LITR.FE.ZS,Sub-Saharan Africa,SSF,Low income,LIC,"Priority survey (PS), 2008","Multiple Indicator Cluster Survey (MICS), 2010",,,,,,8.399580002,,,,,,,,,,,,,20.33687973,,,,,,,,,,,,35.2909,,,,,,,,,,24.35549,,,,,,,,,,,,,,,,,,,,,,,,
Canada,CAN,"literacy_rate_women",SE.ADT.LITR.FE.ZS,North America,NAC,High income,HIC,"Labor force survey (LFS), 2000",,,,,,,,,,,,,,,,,,,,,,,,,,,,,,,,,,,,,,,,,,,,,,,,,,,,,,,,,,,,,,,,,,
Switzerland,CHE,"literacy_rate_women",SE.ADT.LITR.FE.ZS,Europe & Central Asia,ECS,High income,HIC,"Expenditure survey/budget survey (ES/BS), 2000",,,,,,,,,,,,,,,,,,,,,,,,,,,,,,,,,,,,,,,,,,,,,,,,,,,,,,,,,,,,,,,,,,
Channel Islands,CHI,"literacy_rate_women",SE.ADT.LITR.FE.ZS,Europe & Central Asia,ECS,High income,HIC,,,,,,,,,,,,,,,,,,,,,,,,,,,,,,,,,,,,,,,,,,,,,,,,,,,,,,,,,,,,,,,,,,,
Chile,CHL,"literacy_rate_women",SE.ADT.LITR.FE.ZS,Latin America & Caribbean,LCN,High income,HIC,"Integrated household survey (IHS), 2011",,,,,,,,,,,,,,90.80011749,,,,,,,,,,94.03671265,,,,,,,,,,95.64093,,,,,,98.69557,98.49128,,96.53071,,96.16175,,,,,,,,,,,,,,,,,,,,,
China,CHN,"literacy_rate_women",SE.ADT.LITR.FE.ZS,East Asia & Pacific,EAS,Upper middle income,UMC,"Integrated household survey (IHS), 2008","National Sample Survey on Population Change (NSS), 2007",,,,,,,,,,,,,51.1368103,,,,,,,,68.07208252,,,,,,,,,,86.5266,,,,,,,,,,92.71123,,,,,,,,,,,,,,,,,,,,,,,,
Cote d'Ivoire,CIV,"literacy_rate_women",SE.ADT.LITR.FE.ZS,Sub-Saharan Africa,SSF,Lower middle income,LMC,"Integrated household survey (IHS), 2008","Demographic and Health Survey (DHS), 2011/12",,,,,,,,,,,,,,,,,,,23.43378067,,,,,,,,,,28.47666931,,38.61451,,,,,,,,,,,,30.46172,,36.78425,,,,,,,,,,,,,,,,,,,,
Cameroon,CMR,"literacy_rate_women",SE.ADT.LITR.FE.ZS,Sub-Saharan Africa,SSF,Lower middle income,LMC,"Priority survey (PS), 2007","Demographic and Health Survey (DHS), 2011",,,,,,,29.11613083,,,,,,,,,,,,,,,,,,,,,,,,58.72176,,,,,,,63.02206,,,64.7995,,,,,,,,,,,,,,,,,,,,,,,,
"Congo, Dem. Rep.",COD,"literacy_rate_women",SE.ADT.LITR.FE.ZS,Sub-Saharan Africa,SSF,Low income,LIC,"1-2-3 survey (1-2-3), 2004/05","Demographic and Health Survey (DHS), 2013",,,,,,,,,,,,,,,,,,,,,,,,,,,,,,,,54.0609,,,,,,46.10425,,,,,62.91864,,,,66.49998,,,,,,,,,,,,,,,,,,
"Congo, Rep.",COG,"literacy_rate_women",SE.ADT.LITR.FE.ZS,Sub-Saharan Africa,SSF,Lower middle income,LMC,"Core Welfare Indicator Questionnaire Survey (CWIQ)/Priority survey (PS), 2011","Demographic and Health Survey (DHS), 2011/12",,,,,,,,,,,,,,,,,,,,,,,,,,,,,,,,,,,,,,,,,,72.87706,,,,,,,,,,,,,,,,,,,,,,,
Colombia,COL,"literacy_rate_women",SE.ADT.LITR.FE.ZS,Latin America & Caribbean,LCN,Upper middle income,UMC,"Integrated household survey (IHS), 2012","Demographic and Health Survey (DHS), 2010",,,,,,,,,,,,,,,,,,,,,,,,91.14790344,,,91.31400299,,,,,,,,92.71463,92.91125,92.2206,92.84562,93.43537,93.41513,93.48679,93.66713,,,94.48466,94.41582,,,,,,,,,,,,,,,,,,,
Comoros,COM,"literacy_rate_women",SE.ADT.LITR.FE.ZS,Sub-Saharan Africa,SSF,Low income,LIC,"Integrated household survey (IHS), 2004","Demographic and Health Survey (DHS), 2012",,,,,,,,,,,40.31761932,,,,,,,,,,,,,,,,,,,,63.45902,,,,,,,,,,,,42.63729,,,,,,,,,,,,,,,,,,,,,,
Cabo Verde,CPV,"literacy_rate_women",SE.ADT.LITR.FE.ZS,Sub-Saharan Africa,SSF,Lower middle income,LMC,"Expenditure survey/budget survey (ES/BS), 2007","Demographic and Health Survey (DHS), 2005",,,,,,,,,,,,,,,,,,,,,52.99861908,,,,,,,,,,,,,,,,,,,,,,80.49622,,,82.04222,,,,,,,,,,,,,,,,,,,
Costa Rica,CRI,"literacy_rate_women",SE.ADT.LITR.FE.ZS,Latin America & Caribbean,LCN,Upper middle income,UMC,"Integrated household survey (IHS), 2012","Multiple Indicator Cluster Survey (MICS), 2011",,,,,,,,,,,,,,,92.57713318,,,,,,,,,,,,,,,,95.08079,,,,,,,,,,,97.50041,,,,,,,,,,,,,,,,,,,,,,,
Cuba,CUB,"literacy_rate_women",SE.ADT.LITR.FE.ZS,Latin America & Caribbean,LCN,Upper middle income,UMC,,"Multiple Indicator Cluster Survey (MICS), 2010/11",,,,,,,,,,,,,,,,,,,,,,,,,,,,,,,,,99.79092,,,,,,,,,,99.79988,,,,,,,,,,,,,,,,,,,,,,
Curacao,CUW,"literacy_rate_women",SE.ADT.LITR.FE.ZS,Latin America & Caribbean,LCN,High income,HIC,,,,,,,,,,,,,,,,,,,,,,,,,,,,,,,,,,,,,,,,,,,,,,,,,,,,,,,,,,,,,,,,,,,
Cayman Islands,CYM,"literacy_rate_women",SE.ADT.LITR.FE.ZS,Latin America & Caribbean,LCN,High income,HIC,,,,,,,,,,,,,,,,,,,,,,,,,,,,,,,,,,,,,,,,99.02148,,,,,,,,,,,,,,,,,,,,,,,,,,,
Cyprus,CYP,"literacy_rate_women",SE.ADT.LITR.FE.ZS,Europe & Central Asia,ECS,High income,HIC,,,,,,,,,,,,,,,,,,,,,,,,,91.00177765,,,,,,,,,95.07966,,,,,,,,,,98.11623,,,,,,,,,,,,,,,,,,,,,,,
Czech Republic,CZE,"literacy_rate_women",SE.ADT.LITR.FE.ZS,Europe & Central Asia,ECS,High income,HIC,"Income survey (IS), 1996","World Health Survey (WHS), 2003",,,,,,,,,,,,,,,,,,,,,,,,,,,,,,,,,,,,,,,,,,,,,,,,,,,,,,,,,,,,,,,,,
Germany,DEU,"literacy_rate_women",SE.ADT.LITR.FE.ZS,Europe & Central Asia,ECS,High income,HIC,"Integrated household survey (IHS), 2000",,,,,,,,,,,,,,,,,,,,,,,,,,,,,,,,,,,,,,,,,,,,,,,,,,,,,,,,,,,,,,,,,,
Djibouti,DJI,"literacy_rate_women",SE.ADT.LITR.FE.ZS,Middle East & North Africa,MEA,Lower middle income,LMC,"Priority survey (PS), 2002","Multiple Indicator Cluster Survey (MICS), 2006",,,,,,,,,,,,,,,,,,,,,,,,,,,,,,,,,,,,,,,,,,,,,,,,,,,,,,,,,,,,,,,,,
Dominica,DMA,"literacy_rate_women",SE.ADT.LITR.FE.ZS,Latin America & Caribbean,LCN,Upper middle income,UMC,,,,,,,,,,,,,,,,,,,,,,,,,,,,,,,,,,,,,,,,,,,,,,,,,,,,,,,,,,,,,,,,,,,
Denmark,DNK,"literacy_rate_women",SE.ADT.LITR.FE.ZS,Europe & Central Asia,ECS,High income,HIC,"Income tax registers (ITR), 1997",,,,,,,,,,,,,,,,,,,,,,,,,,,,,,,,,,,,,,,,,,,,,,,,,,,,,,,,,,,,,,,,,,
Dominican Republic,DOM,"literacy_rate_women",SE.ADT.LITR.FE.ZS,Latin America & Caribbean,LCN,Upper middle income,UMC,"Integrated household survey (IHS), 2012","Demographic and Health Survey (DHS), 2013",,,,,,,,,,,,72.53607941,,,,,,,,,,,,,,,,,,,,,87.17709,,,,,88.27717,,,89.6973,90.22557,90.22417,91.25051,92.14779,92.32106,,,,,,,,,,,,,,,,,,,
Algeria,DZA,"literacy_rate_women",SE.ADT.LITR.FE.ZS,Middle East & North Africa,MEA,Upper middle income,UMC,"Integrated household survey (IHS), 1995","Multiple Indicator Cluster Survey (MICS), 2012",,,,,,,,,,,,,,,,,,35.83992004,,,,,,,,,,,,,,,60.07508,,,,63.91879,,67.54875,,,,,,,,,,,,,,,,,,,,,,,,,,
East Asia & Pacific (excluding high income),EAP,"literacy_rate_women",SE.ADT.LITR.FE.ZS,,,,,,,,,,,,,,,,,,,,,,71.48068237,71.48068237,71.48068237,71.48068237,71.48068237,71.48068237,71.48068237,71.48068237,71.48068237,71.48068237,86.85350037,86.85350037,86.85350037,86.85350037,86.85350037,86.85350037,86.85350037,86.85350037,86.85350037,86.85350037,92.5697937,92.5697937,92.5697937,92.5697937,92.5697937,92.5697937,92.5697937,92.5697937,92.5697937,92.5697937,,,,,,,,,,,,,,,,,,,,
East Asia & Pacific,EAS,"literacy_rate_women",SE.ADT.LITR.FE.ZS,,,,,,,,,,,,,,,,,,,,,,74.83779907,74.83779907,74.83779907,74.83779907,74.83779907,74.83779907,74.83779907,74.83779907,74.83779907,74.83779907,88.10175323,88.10175323,88.10175323,88.10175323,88.10175323,88.10175323,88.10175323,88.10175323,88.10175323,88.10175323,93.09360504,93.09360504,93.09360504,93.09360504,93.09360504,93.09360504,93.09360504,93.09360504,93.09360504,93.09360504,,,,,,,,,,,,,,,,,,,,
Europe & Central Asia (excluding high income),ECA,"literacy_rate_women",SE.ADT.LITR.FE.ZS,,,,,,,,,,,,,,,,,,,,,,93.30400848,93.30400848,93.30400848,93.30400848,93.30400848,93.30400848,93.30400848,93.30400848,93.30400848,93.30400848,95.76287842,95.76287842,95.76287842,95.76287842,95.76287842,95.76287842,95.76287842,95.76287842,95.76287842,95.76287842,98.19741821,98.19741821,98.19741821,98.19741821,98.19741821,98.19741821,98.19741821,98.19741821,98.19741821,98.19741821,,,,,,,,,,,,,,,,,,,,
Europe & Central Asia,ECS,"literacy_rate_women",SE.ADT.LITR.FE.ZS,,,,,,,,,,,,,,,,,,,,,,96.01434326,96.01434326,96.01434326,96.01434326,96.01434326,96.01434326,96.01434326,96.01434326,96.01434326,96.01434326,97.3259964,97.3259964,97.3259964,97.3259964,97.3259964,97.3259964,97.3259964,97.3259964,97.3259964,97.3259964,98.61645508,98.61645508,98.61645508,98.61645508,98.61645508,98.61645508,98.61645508,98.61645508,98.61645508,98.61645508,,,,,,,,,,,,,,,,,,,,
Ecuador,ECU,"literacy_rate_women",SE.ADT.LITR.FE.ZS,Latin America & Caribbean,LCN,Upper middle income,UMC,"Integrated household survey (IHS), 2012","Reproductive Health Survey (RHS), 2004",,,,,,,,,,,,,80.40522766,,,,,,,,86.19332886,,,,,,,,,,,89.69709,,,,,,81.68059,,81.4512,90.47011,90.22082,90.95168,92.21808,93.25386,93.25662,93.31453,,,,,,,,,,,,,,,,,,
"Egypt, Arab Rep.",EGY,"literacy_rate_women",SE.ADT.LITR.FE.ZS,Middle East & North Africa,MEA,Lower middle income,LMC,"Expenditure survey/budget survey (ES/BS), 2011","Demographic and Health Survey (DHS), 2008",,,,,,,22.43800926,,,,,,,,,,31.40419006,,,,,,,,,,43.59531021,,,,,,,,,30.79796,57.81191,,,,63.51581,,65.75666,67.17986,,,,,,,,,,,,,,,,,,,,,
Euro area,EMU,"literacy_rate_women",SE.ADT.LITR.FE.ZS,,,,,,,,,,,,,,,,,,,,,,,,,,,,,,,,,,,,,,,,,,,,,,,,,,,,,,,,,,,,,,,,,,,,,,,
Eritrea,ERI,"literacy_rate_women",SE.ADT.LITR.FE.ZS,Sub-Saharan Africa,SSF,Low income,LIC,"Priority survey (PS), 1993","Demographic and Health Survey (DHS), 2002",,,,,,,,,,,,,,,,,,,,,,,,,,,,,,,,,40.22442,,,,,,54.80107,,,,,,,,,,,,,,,,,,,,,,,,,,
Spain,ESP,"literacy_rate_women",SE.ADT.LITR.FE.ZS,Europe & Central Asia,ECS,High income,HIC,"Integrated household survey (IHS), 2000",,,,,,,,,,,,,89.93692017,,,,,,,,,,95.0510025,,,,,,,,,,,,,96.23088,96.92515,,97.26032,96.88684,96.92597,97.0045,97.06557,97.21804,97.44054,97.48735,97.54713,97.69536,,,,,,,,,,,,,,,,,,
Estonia,EST,"literacy_rate_women",SE.ADT.LITR.FE.ZS,Europe & Central Asia,ECS,High income,HIC,"Expenditure survey/budget survey (ES/BS), 2004","World Health Survey (WHS), 2003",,,,,,,,,,,,,,,,,,,,99.60147858,,,,,,,,,,,99.76006,,,,,,,,,,,99.90948,,,,,,,,,,,,,,,,,,,,,,,
Ethiopia,ETH,"literacy_rate_women",SE.ADT.LITR.FE.ZS,Sub-Saharan Africa,SSF,Low income,LIC,"Expenditure survey/budget survey (ES/BS), 2010/11","Demographic and Health Survey (DHS), 2011",,,,,,,,,,,,,,,,,,,,,,,,,18.51498032,,,,,,,,,,22.8,17.9772,,28.92164,,,,,,,,,,,,,,,,,,,,,,,,,,,
European Union,EUU,"literacy_rate_women",SE.ADT.LITR.FE.ZS,,,,,,,,,,,,,,,,,,,,,,,,,,,,,,,,,,,,,,,,,,,,,,,,,,,,,,,,,,,,,,,,,,,,,,,
Finland,FIN,"literacy_rate_women",SE.ADT.LITR.FE.ZS,Europe & Central Asia,ECS,High income,HIC,"Income survey (IS), 2000",,,,,,,,,,,,,,,,,,,,,,,,,,,,,,,,,,,,,,,,,,,,,,,,,,,,,,,,,,,,,,,,,,
Fiji,FJI,"literacy_rate_women",SE.ADT.LITR.FE.ZS,East Asia & Pacific,EAS,Upper middle income,UMC,"Expenditure survey/budget survey (ES/BS), 2009",,,,,,,,,,,,,,,,,,,,,,,,,,,,,,,,,,,,,,,,,,,,,,,,,,,,,,,,,,,,,,,,,,
France,FRA,"literacy_rate_women",SE.ADT.LITR.FE.ZS,Europe & Central Asia,ECS,High income,HIC,"Expenditure survey/budget survey (ES/BS), 1994/95",,,,,,,,,,,,,,,,,,,,,,,,,,,,,,,,,,,,,,,,,,,,,,,,,,,,,,,,,,,,,,,,,,
Faroe Islands,FRO,"literacy_rate_women",SE.ADT.LITR.FE.ZS,Europe & Central Asia,ECS,High income,HIC,,,,,,,,,,,,,,,,,,,,,,,,,,,,,,,,,,,,,,,,,,,,,,,,,,,,,,,,,,,,,,,,,,,
"Micronesia, Fed. Sts.",FSM,"literacy_rate_women",SE.ADT.LITR.FE.ZS,East Asia & Pacific,EAS,Lower middle income,LMC,"Integrated household survey (IHS), 2000",,,,,,,,,,,,,,,,,,,,,,,,,,,,,,,,,,,,,,,,,,,,,,,,,,,,,,,,,,,,,,,,,,
Gabon,GAB,"literacy_rate_women",SE.ADT.LITR.FE.ZS,Sub-Saharan Africa,SSF,Upper middle income,UMC,"Core Welfare Indicator Questionnaire Survey (CWIQ)/Integrated household survey (IHS), 2005","Demographic and Health Survey (DHS), 2012",,,,,,,,,,,,,,,,,,,,,,,,65.3263092,,,,,,,,,,,,,,,,,,,79.87897,,,,,,,,,,,,,,,,,,,,,,
United Kingdom,GBR,"literacy_rate_women",SE.ADT.LITR.FE.ZS,Europe & Central Asia,ECS,High income,HIC,"Income survey (IS), 1999",,,,,,,,,,,,,,,,,,,,,,,,,,,,,,,,,,,,,,,,,,,,,,,,,,,,,,,,,,,,,,,,,,
Georgia,GEO,"literacy_rate_women",SE.ADT.LITR.FE.ZS,Europe & Central Asia,ECS,Lower middle income,LMC,"Integrated household survey (IHS), 2011","Multiple Indicator Cluster Survey (MICS), 2005; Reproductive Health Survey (RHS), 2005",,,,,,,,,,,,,,,,,,,,,,,,,,,,,,,,,99.55285,,,,,,,,,,,,99.51458,,,,,,,,,,,,,,,,,,,,
Ghana,GHA,"literacy_rate_women",SE.ADT.LITR.FE.ZS,Sub-Saharan Africa,SSF,Lower middle income,LMC,"Living Standards Measurement Study Survey (LSMS), 2005/06","Multiple Indicator Cluster Survey (MICS), 2011",,,,,,,,,,,,,,,,,,,,,,,,,,,,,,,49.79196,,,,,,,,,,65.29469,,,,,,,,,,,,,,,,,,,,,,,,
Gibraltar,GIB,"literacy_rate_women",SE.ADT.LITR.FE.ZS,,,,,,,,,,,,,,,,,,,,,,,,,,,,,,,,,,,,,,,,,,,,,,,,,,,,,,,,,,,,,,,,,,,,,,,
Guinea,GIN,"literacy_rate_women",SE.ADT.LITR.FE.ZS,Sub-Saharan Africa,SSF,Low income,LIC,"Core Welfare Indicator Questionnaire Survey (CWIQ), 2012","Demographic and Health Survey (DHS), 2012",,,,,,,,,,,,,,,,,,,,,,,,,,,9.743069649,,,,,,,18.23868,,,,,,,12.19195,,,,21.96228,,,,,,,,,,,,,,,,,,,,
"Gambia, The",GMB,"literacy_rate_women",SE.ADT.LITR.FE.ZS,Sub-Saharan Africa,SSF,Low income,LIC,"Integrated household survey (IHS), 2010","Demographic and Health Survey (DHS), 2013",,,,,,,,,,,,,,,,,,,,,,,,,,,,,,,25.06155,,,,,,,,,,,,,33.57535,,,,,,,,,,,,,,,,,,,,,
Guinea-Bissau,GNB,"literacy_rate_women",SE.ADT.LITR.FE.ZS,Sub-Saharan Africa,SSF,Low income,LIC,"Core Welfare Indicator Questionnaire Survey (CWIQ), 2010","Multiple Indicator Cluster Survey (MICS), 2010",,,,,,,,,,8.588259697,,,,,,,,,,,,,,,,,,,,,27.49421,,,,,,,,,,,,,,30.76851,,,,,,,,,,,,,,,,,,,,
Equatorial Guinea,GNQ,"literacy_rate_women",SE.ADT.LITR.FE.ZS,Sub-Saharan Africa,SSF,High income,HIC,"Priority survey (PS), 2006","Demographic and Health Survey (DHS), 2011",,,,,,,,,,,,,,,,,,,,,,,,,,,,,,,81.623,,,,,,,,,,,,,,,,,,,,,,,,,,,,,,,,,,
Greece,GRC,"literacy_rate_women",SE.ADT.LITR.FE.ZS,Europe & Central Asia,ECS,High income,HIC,"Integrated household survey (IHS), 2000",,,,,,,,,,,,,85.31999207,,,,,,,,,,89.353302,,,,,,,,,,94.23941,,,,90.76541,,91.81247,,91.84761,,96.22849,,,,,,,,,,,,,,,,,,,,,,,
Grenada,GRD,"literacy_rate_women",SE.ADT.LITR.FE.ZS,Latin America & Caribbean,LCN,Upper middle income,UMC,,"Reproductive Health Survey (RHS), 1985",97.58978271,,,,,,,,,,,,,,,,,,,,,,,,,,,,,,,,,,,,,,,,,,,,,,,,,,,,,,,,,,,,,,,,
Greenland,GRL,"literacy_rate_women",SE.ADT.LITR.FE.ZS,Europe & Central Asia,ECS,High income,HIC,,,,,,,,,,,,,,,,,,,,,,,,,,,,,,,,,,,,,,,,,,,,,,,,100,,,,,,,,,,,,,,,,,,,
Guatemala,GTM,"literacy_rate_women",SE.ADT.LITR.FE.ZS,Latin America & Caribbean,LCN,Lower middle income,LMC,"Living Standards Measurement Study Survey (LSMS), 2011","Reproductive Health Survey (RHS), 2008/09",,,,,,,,,,,,,,,,,,,,,,,,,57.29265976,,,,,,,,63.34138,,,,,,,,,,72.42804,72.12759,76.37066,,,,,,,,,,,,,,,,,,,,
Guam,GUM,"literacy_rate_women",SE.ADT.LITR.FE.ZS,East Asia & Pacific,EAS,High income,HIC,,,,,,,,,,,,,96.46308136,,,,,,,,,,99.3085022,,,,,,,,,,,,,,,,,,,,,,,,,,,,,,,,,,,,,,,,,,,,
Guyana,GUY,"literacy_rate_women",SE.ADT.LITR.FE.ZS,Latin America & Caribbean,LCN,Lower middle income,LMC,"Integrated household survey (IHS), 1998","Demographic and Health Survey (DHS), 2009",,,,,,,,,,,,,,,,,,,,,,,,,,,,,,,,,,,,,,,,87.25198,,,,,85.03461,,,,,,,,,,,,,,,,,,,,
High income,HIC,"literacy_rate_women",SE.ADT.LITR.FE.ZS,,,,,,,,,,,,,,,,,,,,,,,,,,,,,,,,,,,,,,,,,,,,,,,,,,,,,,,,,,,,,,,,,,,,,,,
"Hong Kong SAR, China",HKG,"literacy_rate_women",SE.ADT.LITR.FE.ZS,East Asia & Pacific,EAS,High income,HIC,,,,,,,,,,,,,,,,,,,,,,,,,,,,,,,,,,,,,,,,,,,,,,,,,,,,,,,,,,,,,,,,,,,
Honduras,HND,"literacy_rate_women",SE.ADT.LITR.FE.ZS,Latin America & Caribbean,LCN,Lower middle income,LMC,"Integrated household survey (IHS), 2010","Demographic and Health Survey (DHS), 2011/12",,,,,,,,,,,,,,,,,,,,,,,,,,,,,,,,80.2236,,,,,,83.45277,,,84.72503,84.93027,85.05148,85.28473,87.02599,87.8937,88.93486,,,,,,,,,,,,,,,,,,
Heavily indebted poor countries (HIPC),HPC,"literacy_rate_women",SE.ADT.LITR.FE.ZS,,,,,,,,,,,,,,,,,,,,,,34.58292007,34.58292007,34.58292007,34.58292007,34.58292007,34.58292007,34.58292007,34.58292007,34.58292007,34.58292007,42.21042252,42.21042252,42.21042252,42.21042252,42.21042252,42.21042252,42.21042252,42.21042252,42.21042252,42.21042252,49.34934998,49.34934998,49.34934998,49.34934998,49.34934998,49.34934998,49.34934998,49.34934998,49.34934998,49.34934998,,,,,,,,,,,,,,,,,,,,
Croatia,HRV,"literacy_rate_women",SE.ADT.LITR.FE.ZS,Europe & Central Asia,ECS,High income,HIC,"Expenditure survey/budget survey (ES/BS), 2008","World Health Survey (WHS), 2003",,,,,,,,,,,,,,,,,,,,,,94.8172226,,,,,,,,,,97.0839,,,,,,,,,,98.66591,,,,,,,,,,,,,,,,,,,,,,,
Haiti,HTI,"literacy_rate_women",SE.ADT.LITR.FE.ZS,Latin America & Caribbean,LCN,Low income,LIC,"Integrated household survey (IHS), 2001","HIV/Maternal and Child Health (HIV/MCH) Service Provision Assessments (SPA), 2013",,,,,,,,,,,,,32.52495956,,,,,,,,,,,,,,,,,,,,,54.86147,,,44.59945,,,,,,,,,,,,,,,,,,,,,,,,,,,,
Hungary,HUN,"literacy_rate_women",SE.ADT.LITR.FE.ZS,Europe & Central Asia,ECS,Upper middle income,UMC,"Expenditure survey/budget survey (ES/BS), 2007","World Health Survey (WHS), 2003",,,,,,,,,,,98.45413208,,,,,,,,,,,,,,98.71253204,,,,,,,,,,,,,,,,,,,,,,,,,,,,,,,,,,,,,,,,
Indonesia,IDN,"literacy_rate_women",SE.ADT.LITR.FE.ZS,East Asia & Pacific,EAS,Lower middle income,LMC,"Integrated household survey (IHS), 2013","Demographic and Health Survey (DHS), 2012",,,,,,,,,,,57.69462967,,,,,,,,,,75.27011871,,,,,,,,,,,,,,86.79959,,88.78698,,89.10139,89.67712,,90.0687,,,93.4509,93.33571,93.58692,,,,,,,,,,,,,,,,,,
Isle of Man,IMN,"literacy_rate_women",SE.ADT.LITR.FE.ZS,Europe & Central Asia,ECS,High income,HIC,,,,,,,,,,,,,,,,,,,,,,,,,,,,,,,,,,,,,,,,,,,,,,,,,,,,,,,,,,,,,,,,,,,
India,IND,"literacy_rate_women",SE.ADT.LITR.FE.ZS,South Asia,SAS,Lower middle income,LMC,"Integrated household survey (IHS), 2012","Demographic and Health Survey (DHS), 2005/06",,,,,,,,,,,,25.67625046,,,,,,,,,,33.72953033,,,,,,,,,,47.8421,,,,,50.82376,,,,,59.27732,,,,,,,,,,,,,,,,,,,,,,,
Ireland,IRL,"literacy_rate_women",SE.ADT.LITR.FE.ZS,Europe & Central Asia,ECS,High income,HIC,"Integrated household survey (IHS), 2000",,,,,,,,,,,,,,,,,,,,,,,,,,,,,,,,,,,,,,,,,,,,,,,,,,,,,,,,,,,,,,,,,,
"Iran, Islamic Rep.",IRN,"literacy_rate_women",SE.ADT.LITR.FE.ZS,Middle East & North Africa,MEA,Upper middle income,UMC,"Expenditure survey/budget survey (ES/BS), 2005","Demographic and Health Survey (DHS), 2000",,,,,,,24.42308044,,,,,,,,,,41.03395081,,,,,56.15642166,,,,,66.06775665,,,,,,70.4,,,76.80264,77.24002,,77.69472,,,,78.41627,79.75584,79.83935,,,,,,,,,,,,,,,,,,,,
Iraq,IRQ,"literacy_rate_women",SE.ADT.LITR.FE.ZS,Middle East & North Africa,MEA,Upper middle income,UMC,"Integrated household survey (IHS), 2007","Multiple Indicator Cluster Survey (MICS), 2011",,,,,,,,,,,,,,,,,,,,,,,,,,,,,,,64.1695,,,,,,,,,,,,,37.95525,,,,,,,,,,,,,,,,,,,,,
Iceland,ISL,"literacy_rate_women",SE.ADT.LITR.FE.ZS,Europe & Central Asia,ECS,High income,HIC,,,,,,,,,,,,,,,,,,,,,,,,,,,,,,,,,,,,,,,,,,,,,,,,,,,,,,,,,,,,,,,,,,,
Israel,ISR,"literacy_rate_women",SE.ADT.LITR.FE.ZS,Middle East & North Africa,MEA,High income,HIC,"Expenditure survey/budget survey (ES/BS), 2001",,,,,,,,,,,,,,,88.67472076,,,,,,,,,,,,,,,,,,,,,,,,,,,,,,,,,,,,,,,,,,,,,,,,,,,
Italy,ITA,"literacy_rate_women",SE.ADT.LITR.FE.ZS,Europe & Central Asia,ECS,High income,HIC,"Expenditure survey/budget survey (ES/BS), 2000",,,,,,,,,,,,,95.53666687,,,,,,,,,,,,,,,,,,,,98.04215,,,,,,,,,,98.57957,,,,,,,,,,,,,,,,,,,,,,,
Jamaica,JAM,"literacy_rate_women",SE.ADT.LITR.FE.ZS,Latin America & Caribbean,LCN,Upper middle income,UMC,"Living Standards Measurement Study Survey (LSMS), 2010","Multiple Indicator Cluster Survey (MICS), 2011",,,,,,,,,,,,,,,,,,,,,,,,,,,,,,85.87208,,,,,,,,,,,,,,,,,,,,,,,,,,,,,,,,,,,
Jordan,JOR,"literacy_rate_women",SE.ADT.LITR.FE.ZS,Middle East & North Africa,MEA,Upper middle income,UMC,"Expenditure survey/budget survey (ES/BS), 2010","Demographic and Health Survey (DHS), 2012",,,,,,,,,,52.11061096,,,,,,,,,,,,,,,,,,,,,,,,84.71392,,87.00581,,88.90331,,,89.20774,93.93346,97.37201,,,,,,,,,,,,,,,,,,,,,,
Japan,JPN,"literacy_rate_women",SE.ADT.LITR.FE.ZS,East Asia & Pacific,EAS,High income,HIC,"Income survey (IS), 1993",,,,,,,,,,,,,,,,,,,,,,,,,,,,,,,,,,,,,,,,,,,,,,,,,,,,,,,,,,,,,,,,,,
Kazakhstan,KAZ,"literacy_rate_women",SE.ADT.LITR.FE.ZS,Europe & Central Asia,ECS,Upper middle income,UMC,"Expenditure survey/budget survey (ES/BS), 2012","Multiple Indicator Cluster Survey (MICS), 2010/11",,,,,,,,,,,,,,,,,,,,96.13877106,,,,,,,,,,99.2899,,,,,,,,,,99.68429,99.73899,,,,,,,,,,,,,,,,,,,,,,,,
Kenya,KEN,"literacy_rate_women",SE.ADT.LITR.FE.ZS,Sub-Saharan Africa,SSF,Low income,LIC,"Integrated household survey (IHS), 2005/06","Malaria Indicator Survey (MIS), 2010; HIV/Maternal and Child Health (HIV/MCH) Service Provision Assessments (SPA), 2010",,,,,,,,,,,,,,,,,,,,,,,,,,,,,,,77.89298,,,,,,,66.86312,,,,,,,74.00632,,,,,,,,,,,,,,,,,,,,
Kyrgyz Republic,KGZ,"literacy_rate_women",SE.ADT.LITR.FE.ZS,Europe & Central Asia,ECS,Lower middle income,LMC,"Expenditure survey/budget survey (ES/BS), 2012","Demographic and Health Survey (DHS), 2012",,,,,,,,,,,,,,,,,,,,,,,,,,,,,,98.13063,,,,,,,,,,98.98121,,,,,,,,,,,,,,,,,,,,,,,,,
Cambodia,KHM,"literacy_rate_women",SE.ADT.LITR.FE.ZS,East Asia & Pacific,EAS,Low income,LIC,"Integrated household survey (IHS), 2011","Demographic and Health Survey (DHS), 2010",,,,,,,,,,,,,,,,,,,,,,,,,,,,,56.99250031,,,,,,64.05099,,,,70.8582,65.93125,,,,,,,,,,,,,,,,,,,,,,,,,
Kiribati,KIR,"literacy_rate_women",SE.ADT.LITR.FE.ZS,East Asia & Pacific,EAS,Lower middle income,LMC,,,,,,,,,,,,,,,,,,,,,,,,,,,,,,,,,,,,,,,,,,,,,,,,,,,,,,,,,,,,,,,,,,,
St. Kitts and Nevis,KNA,"literacy_rate_women",SE.ADT.LITR.FE.ZS,Latin America & Caribbean,LCN,High income,HIC,,,,,,,,,,,,,,,,,,,,,,,,,,,,,,,,,,,,,,,,,,,,,,,,,,,,,,,,,,,,,,,,,,,
"Korea, Rep.",KOR,"literacy_rate_women",SE.ADT.LITR.FE.ZS,East Asia & Pacific,EAS,High income,HIC,"Expenditure survey/budget survey (ES/BS), 1998",,,,,,,,,,,,,,,,,,,,,,,,,,,,,,,,,,,,,,,,,,,,,,,,,,,,,,,,,,,,,,,,,,
Kuwait,KWT,"literacy_rate_women",SE.ADT.LITR.FE.ZS,Middle East & North Africa,MEA,High income,HIC,,"Family Health Survey (FHS), 1996",,,,,,48.0152092,,,,,59.11050034,,,,,68.84937286,,,,,,,,,,74.14871979,,,,,,,,,,91.0425,90.82863,91.50349,91.77865,,92.68094,,94.96525,94.30116,,94.47005,,,,,,,,,,,,,,,,,,,
Latin America & Caribbean (excluding high income),LAC,"literacy_rate_women",SE.ADT.LITR.FE.ZS,,,,,,,,,,,,,,,,,,,,,,86.2791748,86.2791748,86.2791748,86.2791748,86.2791748,86.2791748,86.2791748,86.2791748,86.2791748,86.2791748,88.62930298,88.62930298,88.62930298,88.62930298,88.62930298,88.62930298,88.62930298,88.62930298,88.62930298,88.62930298,91.96138763,91.96138763,91.96138763,91.96138763,91.96138763,91.96138763,91.96138763,91.96138763,91.96138763,91.96138763,,,,,,,,,,,,,,,,,,,,
Lao PDR,LAO,"literacy_rate_women",SE.ADT.LITR.FE.ZS,East Asia & Pacific,EAS,Lower middle income,LMC,"Expenditure survey/budget survey (ES/BS), 2008","Multiple Indicator Cluster Survey (MICS), 2011/12",,,,,,,,,,,,,,,,,,,,,,,,,,47.90235901,,,,,58.4607,60.90252,,,,63.22699,,,,,,49.72308,,,,,,,,,,,,,,,,,,,,,,,
Lebanon,LBN,"literacy_rate_women",SE.ADT.LITR.FE.ZS,Middle East & North Africa,MEA,Upper middle income,UMC,,"Multiple Indicator Cluster Survey (MICS), 2000",,,,,,,,,,,,,,,,,,,,,,,,,,,,,,,,,,,,,,85.96778,,88.08706,,,,,,,,,,,,,,,,,,,,,,,,,
Liberia,LBR,"literacy_rate_women",SE.ADT.LITR.FE.ZS,Sub-Saharan Africa,SSF,Low income,LIC,"Core Welfare Indicator Questionnaire Survey (CWIQ), 2007","Demographic and Health Survey (DHS), 2013",,,,,,,,,,,,,,,19.30278969,,,,,,,,,,31.28524971,,,,,,,,,,,,,27.03491,,,,,,,,,,,,,,,,,,,,,,,,,,,
Libya,LBY,"literacy_rate_women",SE.ADT.LITR.FE.ZS,Middle East & North Africa,MEA,Upper middle income,UMC,,,,,,,,,,,,,,,,,42.31354904,,,,,,,,,,63.71522903,,,,,,,,,,,,,,,,,,,,,,,,,,,,,,,,,,,,,,,,
St. Lucia,LCA,"literacy_rate_women",SE.ADT.LITR.FE.ZS,Latin America & Caribbean,LCN,Upper middle income,UMC,"Integrated household survey (IHS), 1995","Multiple Indicator Cluster Survey (MICS), 2012",,,,,,,,,,,,,,,,,,,,,,,,,,,,,,,,,,,,,,,,,,,,,,,,,,,,,,,,,,,,,,,,,
Latin America & Caribbean,LCN,"literacy_rate_women",SE.ADT.LITR.FE.ZS,,,,,,,,,,,,,,,,,,,,,,86.68087769,86.68087769,86.68087769,86.68087769,86.68087769,86.68087769,86.68087769,86.68087769,86.68087769,86.68087769,88.96091461,88.96091461,88.96091461,88.96091461,88.96091461,88.96091461,88.96091461,88.96091461,88.96091461,88.96091461,92.1643219,92.1643219,92.1643219,92.1643219,92.1643219,92.1643219,92.1643219,92.1643219,92.1643219,92.1643219,,,,,,,,,,,,,,,,,,,,
Least developed countries: UN classification,LDC,"literacy_rate_women",SE.ADT.LITR.FE.ZS,,,,,,,,,,,,,,,,,,,,,,35.33517838,35.33517838,35.33517838,35.33517838,35.33517838,35.33517838,35.33517838,35.33517838,35.33517838,35.33517838,44.12018585,44.12018585,44.12018585,44.12018585,44.12018585,44.12018585,44.12018585,44.12018585,44.12018585,44.12018585,53.10795593,53.10795593,53.10795593,53.10795593,53.10795593,53.10795593,53.10795593,53.10795593,53.10795593,53.10795593,,,,,,,,,,,,,,,,,,,,
Low income,LIC,"literacy_rate_women",SE.ADT.LITR.FE.ZS,,,,,,,,,,,,,,,,,,,,,,35.85310364,35.85310364,35.85310364,35.85310364,35.85310364,35.85309982,35.85310364,35.85310364,35.85310364,35.85310364,42.91698074,42.91698074,42.91698074,42.91698074,42.91698074,42.91698074,42.91698074,42.91698074,42.91698074,42.91698074,48.0405426,48.0405426,48.0405426,48.0405426,48.0405426,48.04053879,48.0405426,48.0405426,48.0405426,48.0405426,,,,,,,,,,,,,,,,,,,,
Liechtenstein,LIE,"literacy_rate_women",SE.ADT.LITR.FE.ZS,Europe & Central Asia,ECS,High income,HIC,,,,,,,,,,,,,,,,,,,,,,,,,,,,,,,,,,,,,,,,,,,,,,,,,,,,,,,,,,,,,,,,,,,
Sri Lanka,LKA,"literacy_rate_women",SE.ADT.LITR.FE.ZS,South Asia,SAS,Lower middle income,LMC,"Expenditure survey/budget survey (ES/BS), 2010","Demographic and Health Survey (DHS), 2006/07",,,,,,,,,,,,82.02197266,,,,,,,,,,,,,,,,,,,,89.13576,,,,,89.09135,,89.07347,,89.95868,,,,,,,,,,,,,,,,,,,,,,,,
Lower middle income,LMC,"literacy_rate_women",SE.ADT.LITR.FE.ZS,,,,,,,,,,,,,,,,,,,,,,48.26132202,48.26132202,48.26132202,48.26132202,48.26132202,48.26131821,48.26132202,48.26132202,48.26132202,48.26132202,58.25792694,58.25792694,58.25792694,58.25792694,58.25792694,58.25793076,58.25792694,58.25792694,58.25792694,58.25792694,66.84408569,66.84408569,66.84408569,66.84408569,66.84408569,66.84407806,66.84408569,66.84408569,66.84408569,66.84408569,,,,,,,,,,,,,,,,,,,,
Low & middle income,LMY,"literacy_rate_women",SE.ADT.LITR.FE.ZS,,,,,,,,,,,,,,,,,,,,,,61.34978867,61.34978867,61.34978867,61.34978867,61.34978867,61.34978867,61.34978867,61.34978867,61.34978867,61.34978867,71.53988647,71.53988647,71.53988647,71.53988647,71.53988647,71.53988647,71.53988647,71.53988647,71.53988647,71.53988647,77.59964752,77.59964752,77.59964752,77.59964752,77.59964752,77.59964752,77.59964752,77.59964752,77.59964752,77.59964752,,,,,,,,,,,,,,,,,,,,
Lesotho,LSO,"literacy_rate_women",SE.ADT.LITR.FE.ZS,Sub-Saharan Africa,SSF,Lower middle income,LMC,"Expenditure survey/budget survey (ES/BS), 2002/03","Demographic and Health Survey (DHS), 2009",,,,,,,,,,,,,,,,,,,,,,,,,,,,,,,92.04645,,,,,,,,,84.96396,,,,,84.93489,,,,,,,,,,,,,,,,,,,,
Lithuania,LTU,"literacy_rate_women",SE.ADT.LITR.FE.ZS,Europe & Central Asia,ECS,High income,HIC,"Expenditure survey/budget survey (ES/BS), 2008",,,,,,,,,,,,,,,,,,,,,97.78159332,,,,,,,,,,,,99.64794,,,,,,,,,,99.83324,,,,,,,,,,,,,,,,,,,,,,,
Luxembourg,LUX,"literacy_rate_women",SE.ADT.LITR.FE.ZS,Europe & Central Asia,ECS,High income,HIC,,,,,,,,,,,,,,,,,,,,,,,,,,,,,,,,,,,,,,,,,,,,,,,,,,,,,,,,,,,,,,,,,,,
Latvia,LVA,"literacy_rate_women",SE.ADT.LITR.FE.ZS,Europe & Central Asia,ECS,High income,HIC,"Integrated household survey (IHS), 2008","World Health Survey (WHS), 2003",,,,,,,,,,,,,,,,,,,,99.2025528,,,,,,,,,,,99.70973,,,,,,,,,,,99.90792,,,,,,,,,,,,,,,,,,,,,,,
"Macao SAR, China",MAC,"literacy_rate_women",SE.ADT.LITR.FE.ZS,East Asia & Pacific,EAS,High income,HIC,,,,,,,,,,,,,,86.21588135,,,,,,,,,,,,,,,,,,,,87.77497,,,,,90.72359,,,,,93.73191,,,,,95.03257,,,,,,,,,,,,,,,,,,
St. Martin (French part),MAF,"literacy_rate_women",SE.ADT.LITR.FE.ZS,Latin America & Caribbean,LCN,High income,HIC,,,,,,,,,,,,,,,,,,,,,,,,,,,,,,,,,,,,,,,,,,,,,,,,,,,,,,,,,,,,,,,,,,,
Morocco,MAR,"literacy_rate_women",SE.ADT.LITR.FE.ZS,Middle East & North Africa,MEA,Lower middle income,LMC,"Expenditure survey/budget survey (ES/BS), 2007","Multiple Indicator Cluster Survey (MICS)/Pan Arab Project for Family Health (PAPFAM), 2006",,,,,,,,,,,,,17.51486969,,,,,,,,,,,,28.72542,,,,,,,,,,39.61956,,,,42.58785,43.92108,,57.63999,59.13064,,,,,,,,,,,,,,,,,,,,,,
Monaco,MCO,"literacy_rate_women",SE.ADT.LITR.FE.ZS,Europe & Central Asia,ECS,High income,HIC,,,,,,,,,,,,,,,,,,,,,,,,,,,,,,,,,,,,,,,,,,,,,,,,,,,,,,,,,,,,,,,,,,,
Moldova,MDA,"literacy_rate_women",SE.ADT.LITR.FE.ZS,Europe & Central Asia,ECS,Lower middle income,LMC,"Expenditure survey/budget survey (ES/BS), 2012","Multiple Indicator Cluster Survey (MICS), 2012",,,,,,,,,,,,,,,,,,,,94.4444809,,,,,,,,,,,95.4923,,,,,,,,,,,,98.92425,,,,,,,,,,,,,,,,,,,,,,
Madagascar,MDG,"literacy_rate_women",SE.ADT.LITR.FE.ZS,Sub-Saharan Africa,SSF,Low income,LIC,"Priority survey (PS), 2010","Malaria Indicator Survey (MIS), 2013",,,,,,,,,,,,,,,,,,,,,,,,,,,,,,,65.27857,,,,,,,,,61.64141,,,68.2833,,,,,,,,,,,,,,,,,,,,,,
Maldives,MDV,"literacy_rate_women",SE.ADT.LITR.FE.ZS,South Asia,SAS,Upper middle income,UMC,"Integrated household survey (IHS), 2010","Demographic and Health Survey (DHS), 2009",,,,,,,,82.17816162,,,,,,,,92.35900879,,,,,96.14601135,,,,,96.44297791,,,,,,,,,,,98.42985,,,,,,,,98.69167,,,,,,,,,,,,,,,,,,,,
Middle East & North Africa,MEA,"literacy_rate_women",SE.ADT.LITR.FE.ZS,,,,,,,,,,,,,,,,,,,,,,46.25695419,46.25695419,46.25695419,46.25695419,46.25695419,46.25695419,46.25695419,46.25695419,46.25695419,46.25695419,60.60751724,60.60751724,60.60751724,60.60751724,60.60751724,60.60751724,60.60751724,60.60751724,60.60751724,60.60751724,73.68132782,73.68132782,73.68132782,73.68132782,73.68132782,73.68132782,73.68132782,73.68132782,73.68132782,73.68132782,,,,,,,,,,,,,,,,,,,,
Mexico,MEX,"literacy_rate_women",SE.ADT.LITR.FE.ZS,Latin America & Caribbean,LCN,Upper middle income,UMC,"Integrated household survey (IHS), 2012","National Survey of Demographic Dynamics (ENADID), 2009",,,,,,,,,,,79.89099884,,,,,,,,,,84.95590973,,,,,,,,,,88.68204,,88.72863,,89.63102,90.21041,89.83451,91.35555,91.45361,92.11625,91.85342,92.33828,93.17924,92.90394,93.59134,93.4855,,,,,,,,,,,,,,,,,,,
Marshall Islands,MHL,"literacy_rate_women",SE.ADT.LITR.FE.ZS,East Asia & Pacific,EAS,Upper middle income,UMC,,,,,,,,,,,,,,,,,,,,,,,,,,,,,,,,,,,,,,,,,,,,98.20298,,,,,,,,,,,,,,,,,,,,,,,
Middle income,MIC,"literacy_rate_women",SE.ADT.LITR.FE.ZS,,,,,,,,,,,,,,,,,,,,,,63.24053574,63.24053574,63.24053574,63.24053574,63.24053574,63.24053955,63.24053574,63.24053574,63.24053574,63.24053574,73.78238678,73.78238678,73.78238678,73.78238678,73.78238678,73.78237915,73.78238678,73.78238678,73.78238678,73.78238678,80.04818726,80.04818726,80.04818726,80.04818726,80.04818726,80.04818726,80.04818726,80.04818726,80.04818726,80.04818726,,,,,,,,,,,,,,,,,,,,
"Macedonia, FYR",MKD,"literacy_rate_women",SE.ADT.LITR.FE.ZS,Europe & Central Asia,ECS,Upper middle income,UMC,"Expenditure survey/budget survey (ES/BS), 2009","Multiple Indicator Cluster Survey (MICS), 2011",,,,,,,,,,,,,,,,,,,,,,,,,90.92801666,,,,,,,,94.05607,,,,,,,,,,,,,,,,,,,,,,,,,,,,,,,,
Mali,MLI,"literacy_rate_women",SE.ADT.LITR.FE.ZS,Sub-Saharan Africa,SSF,Low income,LIC,"Integrated household survey (IHS), 2009/10","Demographic and Health Survey (DHS), 2012/13",,,,,,,5.735280037,,,,,,,,,,,,,,,,,,,,,,11.89342976,,,,,15.9,,,18.19091,,,,20.28793,24.63679,,,,22.19581,,,,,,,,,,,,,,,,,,,
Malta,MLT,"literacy_rate_women",SE.ADT.LITR.FE.ZS,Middle East & North Africa,MEA,High income,HIC,,,,,,,,,,,,,,,,,,86.07817078,,,,,,,,,,89.24263763,,,,,,,,,,93.50425,,,,,,94.79004,,,,,,,,,,,,,,,,,,,,,,,
Myanmar,MMR,"literacy_rate_women",SE.ADT.LITR.FE.ZS,East Asia & Pacific,EAS,Low income,LIC,,"Multiple Indicator Cluster Survey (MICS), 2009/10",,,,,,,,,,,,,,71.630867,,,,,,,,,,,,,,,,,86.41518,,,,,,,,,,,,,,,,71.84699,,,,,,,,,,,,,,,,,,
Middle East & North Africa (excluding high income),MNA,"literacy_rate_women",SE.ADT.LITR.FE.ZS,,,,,,,,,,,,,,,,,,,,,,43.76064301,43.76064301,43.76064301,43.76064301,43.76064301,43.76064301,43.76064301,43.76064301,43.76064301,43.76064301,57.95194244,57.95194244,57.95194244,57.95194244,57.95194244,57.95194244,57.95194244,57.95194244,57.95194244,57.95194244,71.17419434,71.17419434,71.17419434,71.17419434,71.17419434,71.17419434,71.17419434,71.17419434,71.17419434,71.17419434,,,,,,,,,,,,,,,,,,,,
Montenegro,MNE,"literacy_rate_women",SE.ADT.LITR.FE.ZS,Europe & Central Asia,ECS,Upper middle income,UMC,"Expenditure survey/budget survey (ES/BS), 2011","Multiple Indicator Cluster Survey (MICS), 2005/06",,,,,,,,,,,,83.23545837,,,,,,,,,,89.28088379,,,,,,,,,,,,96.31887,,,,,,,,97.50051,,,,,,,,,,,,,,,,,,,,,,,
Mongolia,MNG,"literacy_rate_women",SE.ADT.LITR.FE.ZS,East Asia & Pacific,EAS,Lower middle income,LMC,"Living Standards Measurement Study Survey (LSMS), 2012","Multiple Indicator Cluster Survey (MICS), 2010",,,,,,,,,,,,,,,,,,,,,,,,,,,,,,,97.5288,,,,,,,,,,98.33663,,,,,,,,,,,,,,,,,,,,,,,,
Northern Mariana Islands,MNP,"literacy_rate_women",SE.ADT.LITR.FE.ZS,East Asia & Pacific,EAS,High income,HIC,,,,,,,,,,,,,,,,,,,,,,,,,,,,,,,,,,,,,,,,,,,,,,,,,,,,,,,,,,,,,,,,,,,
Mozambique,MOZ,"literacy_rate_women",SE.ADT.LITR.FE.ZS,Sub-Saharan Africa,SSF,Low income,LIC,"Expenditure survey/budget survey (ES/BS), 2008/09","Demographic and Health Survey (DHS), 2011",,,,,,,,,,,12.14632034,,,,,,,,,,,,,,,,,24.96419907,,,,,,33.19396,,,,,,36.45228,,,,,,,,,,,,,,,,,,,,,,,,,
Mauritania,MRT,"literacy_rate_women",SE.ADT.LITR.FE.ZS,Sub-Saharan Africa,SSF,Lower middle income,LMC,"Integrated household survey (IHS), 2008","Multiple Indicator Cluster Survey (MICS), 2011",,,,,,,,,,,,,,,,,,,,,,,,,,,,,,,43.41736,,,,,,,35.34843,,,,,,,,,,,,,,,,,,,,,,,,,,,
Mauritius,MUS,"literacy_rate_women",SE.ADT.LITR.FE.ZS,Sub-Saharan Africa,SSF,Upper middle income,UMC,,"Reproductive Health Survey (RHS), 1991",,,,,,,,,,,,,,,,,,,,,74.66088867,,,,,,,,,,80.50003,,,,,,,,,,,86.65807,88.97935,89.05094,90.28332,90.65402,,,,,,,,,,,,,,,,,,,
Malawi,MWI,"literacy_rate_women",SE.ADT.LITR.FE.ZS,Sub-Saharan Africa,SSF,Low income,LIC,"Integrated household survey (IHS), 2010/11","HIV/Maternal and Child Health (HIV/MCH) Service Provision Assessments (SPA), 2013",,,,,,,,,,,,,,,,,,33.5230217,,,,,,,,,,,53.9971199,,,,,,,,,,,,51.25197,,,,55.13099,55.20411,,,,,,,,,,,,,,,,,,,
Malaysia,MYS,"literacy_rate_women",SE.ADT.LITR.FE.ZS,East Asia & Pacific,EAS,Upper middle income,UMC,"Expenditure survey/budget survey (ES/BS), 2012","World Health Survey (WHS), 2003",,,,,,,,,,,61.24850082,,,,,,,,,,,77.28308868,,,,,,,,,85.35422,,,,,,,,,,90.74768,,,,,,,,,,,,,,,,,,,,,,,,
North America,NAC,"literacy_rate_women",SE.ADT.LITR.FE.ZS,,,,,,,,,,,,,,,,,,,,,,,,,,,,,,,,,,,,,,,,,,,,,,,,,,,,,,,,,,,,,,,,,,,,,,,
Namibia,NAM,"literacy_rate_women",SE.ADT.LITR.FE.ZS,Sub-Saharan Africa,SSF,Upper middle income,UMC,"Expenditure survey/budget survey (ES/BS), 2009/10","Demographic and Health Survey (DHS), 2013",,,,,,,,,,,,,,,,,,,,,,73.98660278,,,,,,,,,,83.54032,,,,,,78.35098,,,,87.95106,,,,,,,,,,,,,,,,,,,,,,,
New Caledonia,NCL,"literacy_rate_women",SE.ADT.LITR.FE.ZS,East Asia & Pacific,EAS,High income,HIC,,,,,,,,,90.31079102,,,,,,,,,,,,,92.07344055,,,,,,,95.46530151,,,,,,,,,,,,,,,,,,,,,,,,,,,,,,,,,,,,,,
Niger,NER,"literacy_rate_women",SE.ADT.LITR.FE.ZS,Sub-Saharan Africa,SSF,Low income,LIC,"Core Welfare Indicator Questionnaire Survey (CWIQ)/Priority survey (PS), 2007","Demographic and Health Survey (DHS), 2012",,,,,,,,,,,,,,,,,,,,,,,,,,,,,,,,9.39935,,,,15.08414,,,,,,,8.93974,,,,,,,,,,,,,,,,,,,,,,
Nigeria,NGA,"literacy_rate_women",SE.ADT.LITR.FE.ZS,Sub-Saharan Africa,SSF,Lower middle income,LMC,"Integrated household survey (IHS), 2010","Demographic and Health Survey (DHS), 2013",,,,,,,,,,,,,,,,,,,,,,43.72919846,,,,,,,,,,,,43.32205,,,,,41.38676,,,,,,,,,,,,,,,,,,,,,,,,,,
Nicaragua,NIC,"literacy_rate_women",SE.ADT.LITR.FE.ZS,Latin America & Caribbean,LCN,Lower middle income,LMC,"Living Standards Measurement Study Survey (LSMS), 2009","Reproductive Health Survey (RHS), 2006/2007",,,,,,,,,,,,,,,,,,,,,,,,,,,,,,,,76.60166,,,,77.91604,,,,,,,,,,,,,,,,,,,,,,,,,,,,,
Netherlands,NLD,"literacy_rate_women",SE.ADT.LITR.FE.ZS,Europe & Central Asia,ECS,High income,HIC,"Integrated household survey (IHS), 1999",,,,,,,,,,,,,,,,,,,,,,,,,,,,,,,,,,,,,,,,,,,,,,,,,,,,,,,,,,,,,,,,,,
Norway,NOR,"literacy_rate_women",SE.ADT.LITR.FE.ZS,Europe & Central Asia,ECS,High income,HIC,"Income survey (IS), 2000",,,,,,,,,,,,,,,,,,,,,,,,,,,,,,,,,,,,,,,,,,,,,,,,,,,,,,,,,,,,,,,,,,
Nepal,NPL,"literacy_rate_women",SE.ADT.LITR.FE.ZS,South Asia,SAS,Low income,LIC,"Living Standards Measurement Study Survey (LSMS), 2011","Demographic and Health Survey (DHS), 2011",,,,,,,,,,,,9.153120041,,,,,,,,,,17.38179016,,,,,,,,,,34.88676,,,,,,,,,,48.83759,,,,,,,,,,,,,,,,,,,,,,,
Nauru,NRU,"literacy_rate_women",SE.ADT.LITR.FE.ZS,,,,,,,,,,,,,,,,,,,,,,,,,,,,,,,,,,,,,,,,,,,,,,,,,,,,,,,,,,,,,,,,,,,,,,,
New Zealand,NZL,"literacy_rate_women",SE.ADT.LITR.FE.ZS,East Asia & Pacific,EAS,High income,HIC,"Income survey (IS), 1997",,,,,,,,,,,,,,,,,,,,,,,,,,,,,,,,,,,,,,,,,,,,,,,,,,,,,,,,,,,,,,,,,,
OECD members,OED,"literacy_rate_women",SE.ADT.LITR.FE.ZS,,,,,,,,,,,,,,,,,,,,,,,,,,,,,,,,,,,,,,,,,,,,,,,,,,,,,,,,,,,,,,,,,,,,,,,
Oman,OMN,"literacy_rate_women",SE.ADT.LITR.FE.ZS,Middle East & North Africa,MEA,High income,HIC,,"Multiple Indicator Cluster Survey (MICS), 2012",,,,,,,,,,,,,,,,,,,,,,,,,,,,,,,,,,73.53171,,,,,80.87226,,81.80323,,,,88.9267,86.03721,,,,,,,,,,,,,,,,,,,
Pakistan,PAK,"literacy_rate_women",SE.ADT.LITR.FE.ZS,South Asia,SAS,Lower middle income,LMC,"Integrated household survey (IHS), 2008","Demographic and Health Survey (DHS), 2012/13",,,,,,,,,,,,14.77155018,,,,,,,,,,,,,,,,,29.04384041,,,,,,,35.36752,39.61323,,40.08118,40.31462,41.01553,41.97539,43.07189,41.97494,44.28342,,,,,,,,,,,,,,,,,,,,
Panama,PAN,"literacy_rate_women",SE.ADT.LITR.FE.ZS,Latin America & Caribbean,LCN,Upper middle income,UMC,"Integrated household survey (IHS), 2011","Living Standards Measurement Study Survey (LSMS), 2008",,,,,,,,,,,88.04653168,,,,,,,,,,88.21485138,,,,,,,,,,91.24718,,,,,,,,,,93.48526,,,,,,,,,,,,,,,,,,,,,,,,
Peru,PER,"literacy_rate_women",SE.ADT.LITR.FE.ZS,Latin America & Caribbean,LCN,Upper middle income,UMC,"Integrated household survey (IHS), 2012","Continuous Demographic and Health Survey (DHS), 2013",,,,,,,,,,,,73.8583374,,,,,,,,,,,,81.65875244,,,,,,,,,,,82.06262,82.45437,83.45487,84.64688,,,,,90.66883,,90.44918,91.24653,91.18853,,,,,,,,,,,,,,,,,,
Philippines,PHL,"literacy_rate_women",SE.ADT.LITR.FE.ZS,East Asia & Pacific,EAS,Lower middle income,LMC,"Expenditure survey/budget survey (ES/BS), 2012","Demographic and Health Survey (DHS), 2013",,,,,,,,,,,82.76215363,,,,,,,,,,93.18071747,,,,,,,,,,92.65491,,,93.56453,,,,,95.82563,,,,,96.78736,,,,,,,,,,,,,,,,,,,,,
Palau,PLW,"literacy_rate_women",SE.ADT.LITR.FE.ZS,East Asia & Pacific,EAS,Upper middle income,UMC,,,,,,,,,,,,,90.50324249,,,,,,,,,,,,,,93.5198288,,,,,,,,,,,,,,,,,,,99.52794,,96.34015,,,,,,,,,,,,,,,,,,,
Papua New Guinea,PNG,"literacy_rate_women",SE.ADT.LITR.FE.ZS,East Asia & Pacific,EAS,Lower middle income,LMC,"Integrated household survey (IHS), 2009/10","Living Standards Measurement Study Survey (LSMS), 1996",,,,,,,,,,,,,,,,,,,,,,,,,,,,,,,50.91774,,,,,,,,,,,,,,,,,,,,,,,,,,,,,,,,,,
Poland,POL,"literacy_rate_women",SE.ADT.LITR.FE.ZS,Europe & Central Asia,ECS,High income,HIC,"Expenditure survey/budget survey (ES/BS), 2010",,,,,,,,,,98.25198364,,,,,,,,,,,,,,,,99.11873627,,,,,,,,,,,,,,,,,,,,,,,,,,,,,,,,,,,,,,,,
Puerto Rico,PRI,"literacy_rate_women",SE.ADT.LITR.FE.ZS,Latin America & Caribbean,LCN,High income,HIC,,"Reproductive Health Survey (RHS), 1995/96",,,,,,,,,,,85.8503418,,,,,,,,,,89.73095703,,,,,,,,,,,,,,,,,,,,92.53015,,,,,,,,,,,,,,,,,,,,,,,,
"Korea, Dem. Peopleï¿½s Rep.",PRK,"literacy_rate_women",SE.ADT.LITR.FE.ZS,East Asia & Pacific,EAS,Low income,LIC,,"Multiple Indicator Cluster Survey (MICS), 2009",,,,,,,,,,,,,,,,,,,,,,,,,,,,,,,,,,,,,,,99.99761,,,,,,,,,,,,,,,,,,,,,,,,,,
Portugal,PRT,"literacy_rate_women",SE.ADT.LITR.FE.ZS,Europe & Central Asia,ECS,High income,HIC,"Income survey (IS), 1997",,,,,,,,,,,,,74.60798645,,,,,,,,,,84.65821075,,,,,,,,,,,,,,,,,,,,92.86077,,,,,,,,,,,,,,,,,,,,,,,
Paraguay,PRY,"literacy_rate_women",SE.ADT.LITR.FE.ZS,Latin America & Caribbean,LCN,Lower middle income,LMC,"Integrated household survey (IHS), 2011","Reproductive Health Survey (RHS), 2008",,,,,,,,,,,,,75.85298157,,,,,,,,,,88.55870819,,,,,,,,,,,,,,,93.45327,92.49443,93.14401,92.92574,,,,93.73455,94.34246,,,,,,,,,,,,,,,,,,,
West Bank and Gaza,PSE,"literacy_rate_women",SE.ADT.LITR.FE.ZS,Middle East & North Africa,MEA,Lower middle income,LMC,"Integrated household survey (IHS), 2009","Multiple Indicator Cluster Survey (MICS), 2010",,,,,,,,,,,,,,,,,,,,,,,,,,,,79.72662354,,,,,,,87.95174,,89.757,90.46518,90.09906,91.70453,92.1728,92.61618,93.56538,94.12609,94.40729,94.85377,95.20791,,,,,,,,,,,,,,,,,,
French Polynesia,PYF,"literacy_rate_women",SE.ADT.LITR.FE.ZS,East Asia & Pacific,EAS,High income,HIC,,,,,,,,,,,,,,,,,,,,,,,,,,,,,,,,,,,,,,,,,,,,,,,,,,,,,,,,,,,,,,,,,,,
Qatar,QAT,"literacy_rate_women",SE.ADT.LITR.FE.ZS,Middle East & North Africa,MEA,High income,HIC,,"Multiple Indicator Cluster Survey (MICS), 2012",,,,,,,,,,,,,,,,,72.45894623,,,,,,,,,,,80.8886795,,,,,,,88.60922,,,90.43612,92.66382,92.91018,95.40186,95.5633,95.77408,97.07314,97.55827,,,,,,,,,,,,,,,,,,,,
Romania,ROU,"literacy_rate_women",SE.ADT.LITR.FE.ZS,Europe & Central Asia,ECS,Upper middle income,UMC,"Labor force survey (LFS), 2010","Reproductive Health Survey (RHS), 1999",,,,,,,,,,,,,,,,,,,,,,,94.9826889,,,,,,,,,,96.26632,,,,,,,,,98.20521,,,,,,,,,,,,,,,,,,,,,,,
Russian Federation,RUS,"literacy_rate_women",SE.ADT.LITR.FE.ZS,Europe & Central Asia,ECS,High income,HIC,"Integrated household survey (IHS), 2012","World Health Survey (WHS), 2003",,,,,,,,,,,,,,,,,,,,96.75817108,,,,,,,,,,,,,99.22836,,,,,,,,99.64778,,,,,,,,,,,,,,,,,,,,,,,,
Rwanda,RWA,"literacy_rate_women",SE.ADT.LITR.FE.ZS,Sub-Saharan Africa,SSF,Low income,LIC,"Integrated household survey (IHS), 2011","Malaria Indicator Survey (MIS), 2013",,,,,,,,,26.57357979,,,,,,,,,,,,,48.85218811,,,,,,,,,59.75034,,,,,,,,,,61.54861,,64.66449,,,,,,,,,,,,,,,,,,,,,,
South Asia,SAS,"literacy_rate_women",SE.ADT.LITR.FE.ZS,,,,,,,,,,,,,,,,,,,,,,32.67317963,32.67317963,32.67317963,32.67317963,32.67317963,32.67317963,32.67317963,32.67317963,32.67317963,32.67317963,45.65345764,45.65345764,45.65345764,45.65345764,45.65345764,45.65345764,45.65345764,45.65345764,45.65345764,45.65345764,57.00413895,57.00413895,57.00413895,57.00413895,57.00413895,57.00413895,57.00413895,57.00413895,57.00413895,57.00413895,,,,,,,,,,,,,,,,,,,,
Saudi Arabia,SAU,"literacy_rate_women",SE.ADT.LITR.FE.ZS,Middle East & North Africa,MEA,High income,HIC,,"Demographic survey, 2007",,,,,,,,,,,,,,,,,,,,,,,57.27783966,,,,,,,,69.29119,,,,76.33516,,,,,,,,,91.36925,,,,,,,,,,,,,,,,,,,,,
Sudan,SDN,"literacy_rate_women",SE.ADT.LITR.FE.ZS,Sub-Saharan Africa,SSF,Lower middle income,LMC,"Expenditure survey/budget survey (ES/BS), 2009","Sudan Household Health Survey (SHHS), 2010",,,,,,,,,,,,,,,,,,,,,,,,,,,,,,,52.1464,,,,,,,,46.69963,,,,,,,,,,,,,,,,,,,,,,,,,,
Senegal,SEN,"literacy_rate_women",SE.ADT.LITR.FE.ZS,Sub-Saharan Africa,SSF,Lower middle income,LMC,"Priority survey (PS), 2010/11","Continuous Demographic and Health Survey (DHS), 2013/14; HIV/Maternal and Child Health (HIV/MCH) Service Provision Assessments (SPA), 2013/14",,,,,,,,,,,,,,,,,,,17.86326981,,,,,,,,,,,,,,29.24734,,,,32.98758,,,38.66625,,40.42492,,33.5966,,,,,,,,,,,,,,,,,,,,,
Singapore,SGP,"literacy_rate_women",SE.ADT.LITR.FE.ZS,East Asia & Pacific,EAS,High income,HIC,,"National Health Survey (NHS), 2010",,,,,,,,,,,73.96853638,,,,,,,,,,83.02684784,,,,,,,,,,88.64518,,,,,,,,,,93.77481,94.0684,94.35959,94.64199,94.91132,95.19065,95.44789,,,,,,,,,,,,,,,,,,
Solomon Islands,SLB,"literacy_rate_women",SE.ADT.LITR.FE.ZS,East Asia & Pacific,EAS,Lower middle income,LMC,"Integrated household survey (IHS), 2005/06",,,,,,,,,,,,,,,,,,,,,,,,,,,,,,,69,,,,,,,,,,,,,,,,,,,,,,,,,,,,,,,,,,,
Sierra Leone,SLE,"literacy_rate_women",SE.ADT.LITR.FE.ZS,Sub-Saharan Africa,SSF,Low income,LIC,"Integrated household survey (IHS), 2011","Demographic and Health Survey (DHS), 2013; Malaria Indicator Survey (MIS), 2013",,,,,,,,,,,,,,,,,,,,,,,,,,,,,,,,,,,24.15893,,,,,,,,,24.85668,,,,,,,,,,,,,,,,,,,,,
El Salvador,SLV,"literacy_rate_women",SE.ADT.LITR.FE.ZS,Latin America & Caribbean,LCN,Lower middle income,LMC,"Integrated household survey (IHS), 2012","Reproductive Health Survey (RHS), 2008",,,,,,,,,,,,,,,,,,,,,,,71.28053284,,,,,,,,,,,,,,81.00382,79.66213,81.3595,81.81795,82.30802,83.01564,,84.67035,,86.2171,,,,,,,,,,,,,,,,,,,
San Marino,SMR,"literacy_rate_women",SE.ADT.LITR.FE.ZS,Europe & Central Asia,ECS,High income,HIC,,,,,,,,,,,,,,,,,,,,,,,,,,,,,,,,,,,,,,,,,,,,,,,,,,,,,,,,,,,,,,,,,,,
Somalia,SOM,"literacy_rate_women",SE.ADT.LITR.FE.ZS,Sub-Saharan Africa,SSF,Low income,LIC,,"Multiple Indicator Cluster Survey (MICS), 2006",,,,,,,,,,,,,,,,,,,,,,,,,,,,,,,,,,,,,,,,,,,,,,,,,,,,,,,,,,,,,,,,,
Serbia,SRB,"literacy_rate_women",SE.ADT.LITR.FE.ZS,Europe & Central Asia,ECS,Upper middle income,UMC,"Integrated household survey (IHS), 2010","Multiple Indicator Cluster Survey (MICS), 2010",,,,,,,,,,,,,,,,,,,,,,,,,,,,,,,,,,,,,,,,,,96.74911,,,,,98.22828,,,,,,,,,,,,,,,,,,
Sub-Saharan Africa (excluding high income),SSA,"literacy_rate_women",SE.ADT.LITR.FE.ZS,,,,,,,,,,,,,,,,,,,,,,,,,,,,,,,,47.59409714,47.59409714,47.59409714,47.59409714,47.59409714,47.59409714,47.59409714,47.59409714,47.59409714,47.59409714,53.00415421,53.00415421,53.00415421,53.00415421,53.00415421,53.00415421,53.00415421,53.00415421,53.00415421,53.00415421,,,,,,,,,,,,,,,,,,,,
South Sudan,SSD,"literacy_rate_women",SE.ADT.LITR.FE.ZS,Sub-Saharan Africa,SSF,Lower middle income,LMC,"Expenditure survey/budget survey (ES/BS), 2009",,,,,,,,,,,,,,,,,,,,,,,,,,,,,,,,,,,,,,,,19.18638,,,,,,,,,,,,,,,,,,,,,,,,,,
Sub-Saharan Africa,SSF,"literacy_rate_women",SE.ADT.LITR.FE.ZS,,,,,,,,,,,,,,,,,,,,,,,,,,,,,,,,47.60120773,47.60120773,47.60120773,47.60120773,47.60120773,47.60120773,47.60120773,47.60120773,47.60120773,47.60120773,53.00997162,53.00997162,53.00997162,53.00997162,53.00997162,53.00997162,53.00997162,53.00997162,53.00997162,53.00997162,,,,,,,,,,,,,,,,,,,,
Sao Tome and Principe,STP,"literacy_rate_women",SE.ADT.LITR.FE.ZS,Sub-Saharan Africa,SSF,Lower middle income,LMC,"Priority survey (PS), 2009/10","Demographic and Health Survey (DHS), 2008/09",,,,,,,,,,,,42.36338043,,,,,,,,,,61.92047882,,,,,,,,,,77.94923,,,,,,,60.08303,,,,85.4417,,,,,,,,,,,,,,,,,,,,,,
Suriname,SUR,"literacy_rate_women",SE.ADT.LITR.FE.ZS,Latin America & Caribbean,LCN,Upper middle income,UMC,"Expenditure survey/budget survey (ES/BS), 1999","Multiple Indicator Cluster Survey (MICS), 2010",,,,,,,,,,,,,,,,,,,,,,,,,,,,,,,,,,,87.19744,,,,93.76537,,94.00354,,90.99791,,,,,,,,,,,,,,,,,,,,,,
Slovak Republic,SVK,"literacy_rate_women",SE.ADT.LITR.FE.ZS,Europe & Central Asia,ECS,High income,HIC,"Income survey (IS), 2009","World Health Survey (WHS), 2003",,,,,,,,,,,,,,,,,,,,,,,,,,,,,,,,,,,,,,,,,,,,,,,,,,,,,,,,,,,,,,,,,
Slovenia,SVN,"literacy_rate_women",SE.ADT.LITR.FE.ZS,Europe & Central Asia,ECS,High income,HIC,"Expenditure survey/budget survey (ES/BS), 2004","World Health Survey (WHS), 2003",,,,,,,,,,,,,,,,,,,,,,99.45375061,,,,,,,,,,,,,,,,,,,,,,,,,,,,,,,,,,,,,,,,,,,
Sweden,SWE,"literacy_rate_women",SE.ADT.LITR.FE.ZS,Europe & Central Asia,ECS,High income,HIC,"Income survey (IS), 2000",,,,,,,,,,,,,,,,,,,,,,,,,,,,,,,,,,,,,,,,,,,,,,,,,,,,,,,,,,,,,,,,,,
Swaziland,SWZ,"literacy_rate_women",SE.ADT.LITR.FE.ZS,Sub-Saharan Africa,SSF,Lower middle income,LMC,"Expenditure survey/budget survey (ES/BS), 2009/10","Multiple Indicator Cluster Survey (MICS), 2010",,,,,,,53.6659584,,,,,,,,,,65.2228775,,,,,,,,,,,,,,80.32875,,,,,,,,,,82.44755,,,,,,,,,,,,,,,,,,,,,,,,
Sint Maarten (Dutch part),SXM,"literacy_rate_women",SE.ADT.LITR.FE.ZS,Latin America & Caribbean,LCN,High income,HIC,,,,,,,,,,,,,,,,,,,,,,,,,,,,,,,,,,,,,,,,,,,,,,,,,,,,,,,,,,,,,,,,,,,
Seychelles,SYC,"literacy_rate_women",SE.ADT.LITR.FE.ZS,Sub-Saharan Africa,SSF,Upper middle income,UMC,"Budget survey (BS), 2006/07",,,,,,,,,,,,,,,,,,,85.48930359,,,,,,,88.58660126,,,,,,,,92.25898,,,,,,,,94.44898,,,,,,,,,,,,,,,,,,,,,,,,
Syrian Arab Republic,SYR,"literacy_rate_women",SE.ADT.LITR.FE.ZS,Middle East & North Africa,MEA,Lower middle income,LMC,"Expenditure survey/budget survey (ES/BS), 2004","Multiple Indicator Cluster Survey (MICS), 2006",,,,,,,,,,,,37.05915833,,,,,,,,,,,,,,,,,,,,,74.24044,,73.62656,,,,,,,,,,,,,,,,,,,,,,,,,,,,,,
Turks and Caicos Islands,TCA,"literacy_rate_women",SE.ADT.LITR.FE.ZS,Latin America & Caribbean,LCN,High income,HIC,,,,,,,,,,,,,,,,,,,,,,,,,,,,,,,,,,,,,,,,,,,,,,,,,,,,,,,,,,,,,,,,,,,
Chad,TCD,"literacy_rate_women",SE.ADT.LITR.FE.ZS,Sub-Saharan Africa,SSF,Low income,LIC,"Priority survey (PS), 2002/03","Multiple Indicator Cluster Survey (MICS), 2010",,,,,,,,,,,,,,,,,,,,,,,,4.591829777,,,,,,,12.79642,,,,17.98058,,,,,,,,,,,13.93341,13.95523,,,,,,,,,,,,,,,,,,
Togo,TGO,"literacy_rate_women",SE.ADT.LITR.FE.ZS,Sub-Saharan Africa,SSF,Low income,LIC,"Core Welfare Indicator Questionnaire Survey (CWIQ), 2011","Demographic and Health Survey (DHS), 2013",,,,,,,,,,,,,,,,,,,,,,,,,,,,,,,38.45329,,,,,,44.37663,,,43.6069,,47.97739,,,,51.24178,,,,,,,,,,,,,,,,,,,
Thailand,THA,"literacy_rate_women",SE.ADT.LITR.FE.ZS,East Asia & Pacific,EAS,Upper middle income,UMC,"Integrated household survey (IHS), 2011","Multiple Indicator Cluster Survey (MICS), 2012",,,,,,,,,,,83.89334869,,,,,,,,,,,,,,,,,,,,90.51602,,,,,91.52957,,,,,96.42705,,,92.24916,,91.19193,,,,,,,,,,,,,,,,,,,
Tajikistan,TJK,"literacy_rate_women",SE.ADT.LITR.FE.ZS,Europe & Central Asia,ECS,Low income,LIC,"Living Standards Measurement Study Survey (LSMS), 2009","Demographic and Health Survey (DHS), 2012",,,,,,,,,,,,,,,,,,,,96.64179993,,,,,,,,,,,99.22123,,,,,,,,,,,,,,,,,,,,,,,,,,,,,,,,,,
Turkmenistan,TKM,"literacy_rate_women",SE.ADT.LITR.FE.ZS,Europe & Central Asia,ECS,Upper middle income,UMC,"Living Standards Measurement Study Survey (LSMS), 1998","Multiple Indicator Cluster Survey (MICS), 2011",,,,,,,,,,,,,,,,,,,,,,,,,,98.26177216,,,,,,,,,,,,,,,,,,,,,,,,,,,,,,,,,,,,,,,
Timor-Leste,TLS,"literacy_rate_women",SE.ADT.LITR.FE.ZS,East Asia & Pacific,EAS,Lower middle income,LMC,"Living Standards Measurement Study Survey (LSMS), 2007","Demographic and Health Survey (DHS), 2009/10",,,,,,,,,,,,,,,,,,,,,,,,,,,,,,,,30,,,,,,42.5,,,52.959,,,,,,,,,,,,,,,,,,,,,,,,
Tonga,TON,"literacy_rate_women",SE.ADT.LITR.FE.ZS,East Asia & Pacific,EAS,Upper middle income,UMC,2013 national accounts estimates are based on IMF reports.,,,,,,,,99.52552795,,,,,,,,,,,,,,,,,,,,98.97554779,,,,,,,,,,99.08251,,,,,99.43422,,,,,,,,,,,,,,,,,,,,,,,
Trinidad and Tobago,TTO,"literacy_rate_women",SE.ADT.LITR.FE.ZS,Latin America & Caribbean,LCN,High income,HIC,"Integrated household survey (IHS), 1992","Multiple Indicator Cluster Survey (MICS), 2011",,,,,,,,,,,93.46417236,,,,,,,,,,95.66178894,,,,,,,,,,,,,,,,,,,,,,,,,,,,,,,,,,,,,,,,,,,,
Tunisia,TUN,"literacy_rate_women",SE.ADT.LITR.FE.ZS,Middle East & North Africa,MEA,Upper middle income,UMC,"Integrated household survey (IHS), 2010","Multiple Indicator Cluster Survey (MICS), 2011/12",,,,,,,,,,,,,,,35.7675705,,,,,,,,,,47.85577011,,,,,,,,,,65.34786,,,68.50938,70.96418,,71.08821,71.7296,72.16065,,72.22377,,,,,,,,,,,,,,,,,,,,
Turkey,TUR,"literacy_rate_women",SE.ADT.LITR.FE.ZS,Europe & Central Asia,ECS,Upper middle income,UMC,"Labor force survey (LFS), 2009","Demographic and Health Survey (DHS), 2003; World Health Survey (WHS), 2003",,,,,,45.09891891,,,,,49.80641174,,,,,64.23171997,,,,,68.51966095,,,,,,,,,,,,,,79.58169,80.54895,80.38516,81.26383,,85.34716,88.07317,90.3101,91.60452,92.13808,92.40182,92.64581,,,,,,,,,,,,,,,,,,,
Tuvalu,TUV,"literacy_rate_women",SE.ADT.LITR.FE.ZS,East Asia & Pacific,EAS,Upper middle income,UMC,2013 national accounts estimates are based on IMF reports.,,,,,,,,,,,,,,,,,,,,,,,,,,,,,,,,,,,,,,,,,,,,,,,,,,,,,,,,,,,,,,,,,,
Tanzania,TZA,"literacy_rate_women",SE.ADT.LITR.FE.ZS,Sub-Saharan Africa,SSF,Low income,LIC,"Expenditure survey/budget survey (ES/BS), 2011/12","HIV/Maternal and Child Health (HIV/MCH) Service Provision Assessments (SPA), 2013/14",,,,,,,,,,,,,,,,,,,48.08802032,,,,,,,,,,,,,,62.17232,,,,,,,,60.75262,,73.34718,,,73.09383,,,,,,,,,,,,,,,,,,,
Uganda,UGA,"literacy_rate_women",SE.ADT.LITR.FE.ZS,Sub-Saharan Africa,SSF,Low income,LIC,"Priority survey (PS), 2009/10","HIV/AIDS Indicator Survey (AIS), 2011; Demographic and Health Survey (DHS), 2011",,,,,,,,,,,,,,,,,,,,,,44.82669067,,,,,,,,,,,58.90988,,,,62.07897,,,,64.59145,,61.97043,,,,,,,,,,,,,,,,,,,,,,
Ukraine,UKR,"literacy_rate_women",SE.ADT.LITR.FE.ZS,Europe & Central Asia,ECS,Lower middle income,LMC,"Expenditure survey/budget survey (ES/BS), 2009","Multiple Indicator Cluster Survey (MICS), 2012",,,,,,,,,,,,,,,,,,,,,,,,,,,,,,,,99.17157,,,,,,,,,,,99.9582,,,,,,,,,,,,,,,,,,,,,,
Upper middle income,UMC,"literacy_rate_women",SE.ADT.LITR.FE.ZS,,,,,,,,,,,,,,,,,,,,,,75.46728516,75.46728516,75.46728516,75.46728516,75.46728516,75.46727753,75.46728516,75.46728516,75.46728516,75.46728516,87.36364746,87.36364746,87.36364746,87.36364746,87.36364746,87.36364746,87.36364746,87.36364746,87.36364746,87.36364746,92.35700226,92.35700226,92.35700226,92.35700226,92.35700226,92.35700226,92.35700226,92.35700226,92.35700226,92.35700226,,,,,,,,,,,,,,,,,,,,
Uruguay,URY,"literacy_rate_women",SE.ADT.LITR.FE.ZS,Latin America & Caribbean,LCN,High income,HIC,"Integrated household survey (IHS), 2012","Multiple Indicator Cluster Survey (MICS), 2012",,,,,,94.30451965,,,,,,,,,,95.88153839,,,,,,,,,,,97.27095795,,,,,,,,,,98.08436,98.24193,98.46366,98.53372,98.49095,98.61908,98.66055,98.63643,98.80905,98.86746,,,,,,,,,,,,,,,,,,,
United States,USA,"literacy_rate_women",SE.ADT.LITR.FE.ZS,North America,NAC,High income,HIC,"Labor force survey (LFS), 2000",,,,,,,,,,,,,,,,,,,,,,,,,,,,,,,,,,,,,,,,,,,,,,,,,,,,,,,,,,,,,,,,,,
Uzbekistan,UZB,"literacy_rate_women",SE.ADT.LITR.FE.ZS,Europe & Central Asia,ECS,Lower middle income,LMC,"Expenditure survey/budget survey (ES/BS), 2011","Multiple Indicator Cluster Survey (MICS), 2006",,,,,,,,,,,,,,,,,,,,,,,,,,,,,,,98.13858,,,,,,,,,,,,,99.99587,99.97599,99.97577,,,,,,,,,,,,,,,,,,,
St. Vincent and the Grenadines,VCT,"literacy_rate_women",SE.ADT.LITR.FE.ZS,Latin America & Caribbean,LCN,Upper middle income,UMC,,,95.5,,,,,,,,,,,,,,,,,,,,,,,,,,,,,,,,,,,,,,,,,,,,,,,,,,,,,,,,,,,,,,,,
"Venezuela, RB",VEN,"literacy_rate_women",SE.ADT.LITR.FE.ZS,Latin America & Caribbean,LCN,Upper middle income,UMC,"Integrated household survey (IHS), 2012","Multiple Indicator Cluster Survey (MICS), 2000",,,,,,,,,,,,83.00466156,,,,,,,,,89.00485229,,,,,,,,,,,92.71598,,,,,,94.92964,,95.3504,,95.02888,,,,96.56007,97.21371,,,,,,,,,,,,,,,,,,
Virgin Islands (U.S.),VIR,"literacy_rate_women",SE.ADT.LITR.FE.ZS,Latin America & Caribbean,LCN,High income,HIC,,,,,,,,,,,,,,,,,,,,,,,,,,,,,,,,,,,,,,,,,,,,,,,,,,,,,,,,,,,,,,,,,,,
Vietnam,VNM,"literacy_rate_women",SE.ADT.LITR.FE.ZS,East Asia & Pacific,EAS,Lower middle income,LMC,"Integrated household survey (IHS), 2010","Multiple Indicator Cluster Survey (MICS), 2010/11",,,,,,,,,,78.14038849,,,,,,,,,,82.82939148,,,,,,,,,,86.92008,86.61011,,,,,,,,,91.37909,,,,,,,,,,,,,,,,,,,,,,,,,
Vanuatu,VUT,"literacy_rate_women",SE.ADT.LITR.FE.ZS,East Asia & Pacific,EAS,Lower middle income,LMC,2013 national accounts estimates are based on IMF reports.,"Multiple Indicator Cluster Survey (MICS), 2007",,,,,,,,,,47.78258896,,,,,,,,,,,,,,,65.46626282,,,,,,,,,,,,,,,,,,,,,,,,,,,,,,,,,,,,,,,,
World,WLD,"literacy_rate_women",SE.ADT.LITR.FE.ZS,,,,,,,,,,,,,,,,,,,,,,69.50440216,69.50440216,69.50440216,69.50440216,69.50440216,69.51107025,69.50440216,69.50440216,69.50440216,69.50440216,76.94856262,76.94856262,76.94856262,76.94856262,76.94856262,76.95290375,76.94856262,76.94856262,76.94856262,76.94856262,81.48239136,81.48239136,81.48239136,81.48239136,81.48239136,81.48622894,81.48239136,81.48239136,81.48239136,81.48239136,,,,,,,,,,,,,,,,,,,,
Samoa,WSM,"literacy_rate_women",SE.ADT.LITR.FE.ZS,East Asia & Pacific,EAS,Lower middle income,LMC,,"Demographic and Health Survey (DHS), 2009",,,,,,,,,,,,,,,,,,,,,,97.42173767,,,,,,,,,,,,,,,,,,,,99.06953,,,,,,,,,,,,,,,,,,,,,,,
Kosovo,XKX,"literacy_rate_women",SE.ADT.LITR.FE.ZS,Europe & Central Asia,ECS,Lower middle income,LMC,"Integrated household survey (IHS), 2011",,,,,,,,,,,,,,,,,,,,,,,,,,,,,,,,,,,,,,,,,,,,,,,,,,,,,,,,,,,,,,,,,,
"Yemen, Rep.",YEM,"literacy_rate_women",SE.ADT.LITR.FE.ZS,Middle East & North Africa,MEA,Lower middle income,LMC,"Expenditure survey/budget survey (ES/BS), 2005","Demographic and Health Survey (DHS), 2013",,,,,,,,,,,,,,,,,,,,,,,,,17.05956078,,,,,,,,,,,,,,,,,,,,,,,,,,,,,,,,,,,,,,,,
South Africa,ZAF,"literacy_rate_women",SE.ADT.LITR.FE.ZS,Sub-Saharan Africa,SSF,Upper middle income,UMC,"Expenditure survey/budget survey (ES/BS), 2010","Demographic and Health Survey (DHS), 2003; World Health Survey (WHS), 2003",,,,,,,,,,,74.80718994,,,,,,,,,,,,,,,,80.92862701,,,,,,,,,,,87.0431,,91.76816,91.71399,92.04789,92.58625,,93.07306,93.40803,,,,,,,,,,,,,,,,,,,
Zambia,ZMB,"literacy_rate_women",SE.ADT.LITR.FE.ZS,Sub-Saharan Africa,SSF,Lower middle income,LMC,"Integrated household survey (IHS), 2010","Demographic and Health Survey (DHS), 2013",,,,,,,,,,,,,,,,,,,,,57.35771942,,,,,,,,,59.80285,,,61.83928,,,,,51.78697,,,77.74664,,,,,,,,,,,,,,,,,,,,,,,,
Zimbabwe,ZWE,"literacy_rate_women",SE.ADT.LITR.FE.ZS,Sub-Saharan Africa,SSF,Low income,LIC,"Integrated household survey (IHS), 2011/12","Demographic and Health Survey (DHS), 2010/11",,,,,,,,,,,,,71.85392761,,,,,,,,,,78.51702118,,,,,,,,,,,,,,,,,,,80.06566,,,88.28383,,,,,,,,,,,,,,,,,,,,
