Country_Name,Country_Code,Indicator_Name,Indicator_Code,Region_name,Region_Code,household_survey,most_recent_survey,Income_Group,Income_Code,yr_1970,yr_1971,yr_1972,yr_1973,yr_1974,yr_1975,yr_1976,yr_1977,yr_1978,yr_1979,yr_1980,yr_1981,yr_1982,yr_1983,yr_1984,yr_1985,yr_1986,yr_1987,yr_1988,yr_1989,yr_1990,yr_1991,yr_1992,yr_1993,yr_1994,yr_1995,yr_1996,yr_1997,yr_1998,yr_1999,yr_2000,yr_2001,yr_2002,yr_2003,yr_2004,yr_2005,yr_2006,yr_2007,yr_2008,yr_2009,yr_2010,yr_2011,yr_2012,yr_2013,yr_2014,yr_2015,yr_2016,yr_2017,yr_2020,yr_2025,yr_2030,yr_2035,yr_2040,yr_2045,yr_2050,yr_2055,yr_2060,yr_2065,yr_2070,yr_2075,yr_2080,yr_2085,yr_2090,yr_2095,yr_2100
Aruba,ABW,"literacy_rate_men",SE.ADT.LITR.MA.ZS,Latin America & Caribbean,LCN,,,High income,HIC,,,,,,,,,,,,,,,,,,,,,,,,,,,,,,,97.5374,,,,,,,,,,96.94053,,,,,,,,,,,,,,,,,,,,,,,,
Afghanistan,AFG,"literacy_rate_men",SE.ADT.LITR.MA.ZS,South Asia,SAS,"Multiple Indicator Cluster Survey (MICS), 2010/11","Integrated household survey (IHS), 2008",Low income,LIC,,,,,,,,,,30.3077507,,,,,,,,,,,,,,,,,,,,,,,,,,,,,,,,45.4171,,,,,,,,,,,,,,,,,,,,,,,
Angola,AGO,"literacy_rate_men",SE.ADT.LITR.MA.ZS,Sub-Saharan Africa,SSF,"Malaria Indicator Survey (MIS), 2011","Integrated household survey (IHS), 2008",Upper middle income,UMC,,,,,,,,,,,,,,,,,,,,,,,,,,,,,,,,82.91987,,,,,,,,,,,,,79.97415,,,,,,,,,,,,,,,,,,,,
Albania,ALB,"literacy_rate_men",SE.ADT.LITR.MA.ZS,Europe & Central Asia,ECS,"Demographic and Health Survey (DHS), 2008/09","Living Standards Measurement Study Survey (LSMS), 2012",Upper middle income,UMC,,,,,,,,,,,,,,,,,,,,,,,,,,,,,,,,99.18761,,,,,,,97.3062,,,98.00816,98.35261,,,,,,,,,,,,,,,,,,,,,,
Andorra,AND,"literacy_rate_men",SE.ADT.LITR.MA.ZS,Europe & Central Asia,ECS,,,High income,HIC,,,,,,,,,,,,,,,,,,,,,,,,,,,,,,,,,,,,,,,,,,,,,,100,100,,,,,,,,,,,,,,,,,,
Arab World,ARB,"literacy_rate_men",SE.ADT.LITR.MA.ZS,,,,,,,,,,,,,,,,,,,,,,67.25567627,67.25567627,67.25567627,67.25567627,67.25567627,67.25567627,67.25567627,67.25567627,67.25567627,67.25567627,76.31770325,76.31770325,76.31770325,76.31770325,76.31770325,76.31770325,76.31770325,76.31770325,76.31770325,76.31770325,84.73272705,84.73272705,84.73272705,84.73272705,84.73272705,84.73272705,84.73272705,84.73272705,84.73272705,84.73272705,,,,,,,,,,,,,,,,,,,,
United Arab Emirates,ARE,"literacy_rate_men",SE.ADT.LITR.MA.ZS,Middle East & North Africa,MEA,,,High income,HIC,,,,,,58.3861084,,,,,,,,,,72.27427673,,,,,,,,,,,,,,,,,,,,89.4821,,,,,,,,,,,,,,,,,,,,,,,,,,,,,
Argentina,ARG,"literacy_rate_men",SE.ADT.LITR.MA.ZS,Latin America & Caribbean,LCN,"Multiple Indicator Cluster Survey (MICS), 2011/12","Integrated household survey (IHS), 2012",Upper middle income,UMC,,,,,,,,,,,94.26338959,,,,,,,,,,,96.2212677,,,,,,,,,,97.1932,,,,,,,,,,,,,,98.04,,,,,,,,,,,,,,,,,,,
Armenia,ARM,"literacy_rate_men",SE.ADT.LITR.MA.ZS,Europe & Central Asia,ECS,"Demographic and Health Survey (DHS), 2010","Integrated household survey (IHS), 2012",Lower middle income,LMC,,,,,,,,,,,,,,,,,,,,99.40384674,,,,,,,,,,,,99.67223,,,,,,,,,,99.80608,,,,,,,,,,,,,,,,,,,,,,,
American Samoa,ASM,"literacy_rate_men",SE.ADT.LITR.MA.ZS,East Asia & Pacific,EAS,,,Upper middle income,UMC,,,,,,,,,,,97.46996307,,,,,,,,,,,,,,,,,,,,,,,,,,,,,,,,,,,,,,,,,,,,,,,,,,,,,,
Antigua and Barbuda,ATG,"literacy_rate_men",SE.ADT.LITR.MA.ZS,Latin America & Caribbean,LCN,,,High income,HIC,,,,,,,,,,,,,,,,,,,,,,,,,,,,,,,,98.4,,,,,,,,,,,,,,,,,,,,,,,,,,,,,,,,,
Australia,AUS,"literacy_rate_men",SE.ADT.LITR.MA.ZS,East Asia & Pacific,EAS,,"Expenditure survey/budget survey (ES/BS), 1994",High income,HIC,,,,,,,,,,,,,,,,,,,,,,,,,,,,,,,,,,,,,,,,,,,,,,,,,,,,,,,,,,,,,,,,,
Austria,AUT,"literacy_rate_men",SE.ADT.LITR.MA.ZS,Europe & Central Asia,ECS,,"Income survey (IS), 2000",High income,HIC,,,,,,,,,,,,,,,,,,,,,,,,,,,,,,,,,,,,,,,,,,,,,,,,,,,,,,,,,,,,,,,,,
Azerbaijan,AZE,"literacy_rate_men",SE.ADT.LITR.MA.ZS,Europe & Central Asia,ECS,"Demographic and Health Survey (DHS), 2006","Expenditure survey/budget survey (ES/BS), 2012",Upper middle income,UMC,,,,,,,,,,,,,,,,,,,,,,,,,,,,,,99.47242,,,,,,,,99.824,,99.84267,99.85444,99.85666,99.85285,99.86592,99.86201,99.86263,99.86405,,,,,,,,,,,,,,,,,,
Burundi,BDI,"literacy_rate_men",SE.ADT.LITR.MA.ZS,Sub-Saharan Africa,SSF,"Malaria Indicator Survey (MIS), 2012","Core Welfare Indicator Questionnaire Survey (CWIQ), 2006",Low income,LIC,,,,,,,,,,34.26271057,,,,,,,,,,,48.23625183,,,,,,,,,,67.30693,,,,,,,,53.12839,,,,,,69.69251,,,,,,,,,,,,,,,,,,,,
Belgium,BEL,"literacy_rate_men",SE.ADT.LITR.MA.ZS,Europe & Central Asia,ECS,,"Integrated household survey (IHS), 2000",High income,HIC,,,,,,,,,,,,,,,,,,,,,,,,,,,,,,,,,,,,,,,,,,,,,,,,,,,,,,,,,,,,,,,,,
Benin,BEN,"literacy_rate_men",SE.ADT.LITR.MA.ZS,Sub-Saharan Africa,SSF,"Demographic and Health Survey (DHS), 2011/12","Core Welfare Indicator Questionnaire Survey (CWIQ), 2011",Low income,LIC,,,,,,,,,,25.19005966,,,,,,,,,,,,,39.90333939,,,,,,,,,,47.86596,,,,40.61617,,,,,,44.96026,,,,,,,,,,,,,,,,,,,,,,
Burkina Faso,BFA,"literacy_rate_men",SE.ADT.LITR.MA.ZS,Sub-Saharan Africa,SSF,"Demographic and Health Survey (DHS), 2010","Core Welfare Indicator Questionnaire Survey (CWIQ), 2009",Low income,LIC,,,,,,14.52849007,,,,,,,,,,,,,,,,19.62612915,,,,,18.51778984,,,,,,,29.362,,31.44193,29.71436,36.68067,,,,,,,44.37945,,,,,,,,,,,,,,,,,,,,
Bangladesh,BGD,"literacy_rate_men",SE.ADT.LITR.MA.ZS,South Asia,SAS,"Demographic and Health Survey (DHS), 2011","Integrated household survey (IHS), 2010",Low income,LIC,,,,,,,,,,,,39.7322998,,,,,,,,,,44.31428146,,,,,,,,,,53.89609,,,,,,49.83233,,,,47.44985,,,,,75.61885,,,,,,,,,,,,,,,,,,
Bulgaria,BGR,"literacy_rate_men",SE.ADT.LITR.MA.ZS,Europe & Central Asia,ECS,"Living Standards Measurement Study Survey (LSMS), 2007","Expenditure survey/budget survey (ES/BS), 2007",Upper middle income,UMC,,,,,,,,,,,,,,,,,,,,,,,,,,,,,,,,98.7366,,,,,,,,,,98.74723,,,,,,,,,,,,,,,,,,,,,,,
Bahrain,BHR,"literacy_rate_men",SE.ADT.LITR.MA.ZS,Middle East & North Africa,MEA,,,High income,HIC,,,,,,,,,,,,76.51837158,,,,,,,,,,88.53736877,,,,,,,,,,88.55411,,,,,,,,,96.14023,,,,,,,,,,,,,,,,,,,,,,,,
"Bahamas, The",BHS,"literacy_rate_men",SE.ADT.LITR.MA.ZS,Latin America & Caribbean,LCN,,,High income,HIC,,,,,,,,,,,,,,,,,,,,,,,,,,,,,,,,,,,,,,,,,,,,,,,,,,,,,,,,,,,,,,,,,
Bosnia and Herzegovina,BIH,"literacy_rate_men",SE.ADT.LITR.MA.ZS,Europe & Central Asia,ECS,"Multiple Indicator Cluster Survey (MICS), 2011/12","Living Standards Measurement Study Survey (LSMS), 2007",Upper middle income,UMC,,,,,,,,,,,,,,,,,,,,,,95.92984009,,,,,,,,,99.03371,,,,,,,,,,,99.54133,,99.17628,,,,,,,,,,,,,,,,,,,,,
Belarus,BLR,"literacy_rate_men",SE.ADT.LITR.MA.ZS,Europe & Central Asia,ECS,"Multiple Indicator Cluster Survey (MICS), 2012","Expenditure survey/budget survey (ES/BS), 2012",Upper middle income,UMC,,,,,,,,,,,,,,,,,,,,99.38417816,,,,,,,,,,99.79211,,,,,,,,,,99.76369,,,,,,,,,,,,,,,,,,,,,,,,,
Belize,BLZ,"literacy_rate_men",SE.ADT.LITR.MA.ZS,Latin America & Caribbean,LCN,"Multiple Indicator Cluster Survey (MICS), 2011","Expenditure survey/budget survey (ES/BS), 2011",Upper middle income,UMC,,,,,,,,,,,,,,,,,,,,,,70.26876831,,,,,,,,,,,,,,,,,,,,,,,,,,,,,,,,,,,,,,,,,,,
Bermuda,BMU,"literacy_rate_men",SE.ADT.LITR.MA.ZS,North America,NAC,,,High income,HIC,,,,,,,,,,,,,,,,,,,,,,,,,,,,,,,,,,,,,,,,,,,,,,,,,,,,,,,,,,,,,,,,,
Bolivia,BOL,"literacy_rate_men",SE.ADT.LITR.MA.ZS,Latin America & Caribbean,LCN,"Demographic and Health Survey (DHS), 2008","Integrated household survey (IHS), 2009",Lower middle income,LMC,,,,,,,75.84288788,,,,,,,,,,,,,,,,88.15558624,,,,,,,,,93.05747,,,,,,96.03626,94.95543,95.80364,,96.60105,97.10705,,,96.52275,,,,,,,,,,,,,,,,,,,
Brazil,BRA,"literacy_rate_men",SE.ADT.LITR.MA.ZS,Latin America & Caribbean,LCN,"World Health Survey (WHS), 2003","Integrated household survey (IHS), 2012",Upper middle income,UMC,,,,,,,,,,,76.37735748,,,,,,,,,,,,,,,,,,,,86.22798,,,,88.40946,,89.35324,89.77214,89.83787,90.17484,90.05618,91.16898,91.02567,91.17796,91.36677,,,,,,,,,,,,,,,,,,,,
Barbados,BRB,"literacy_rate_men",SE.ADT.LITR.MA.ZS,Latin America & Caribbean,LCN,"Multiple Indicator Cluster Survey (MICS), 2012",,High income,HIC,99.28723145,,,,,,,,,,,,,,,,,,,,,,,,,,,,,,,,,,,,,,,,,,,,,,,,,,,,,,,,,,,,,,,,
Brunei Darussalam,BRN,"literacy_rate_men",SE.ADT.LITR.MA.ZS,East Asia & Pacific,EAS,,,High income,HIC,,,,,,,,,,,,85.17774963,,,,,,,,,,92.45218658,,,,,,,,,,95.15042,,,,,,,,,,97.42816,,,,,,,,,,,,,,,,,,,,,,,
Bhutan,BTN,"literacy_rate_men",SE.ADT.LITR.MA.ZS,South Asia,SAS,"Multiple Indicator Cluster Survey (MICS), 2010","Integrated household survey (IHS), 2012",Lower middle income,LMC,,,,,,,,,,,,,,,,,,,,,,,,,,,,,,,,,,,,65.04778,,,,,,,66.00306,,,,,,,,,,,,,,,,,,,,,,
Botswana,BWA,"literacy_rate_men",SE.ADT.LITR.MA.ZS,Sub-Saharan Africa,SSF,"Demographic and Health Survey (DHS), 1988","Expenditure survey/budget survey (ES/BS), 2009/10",Upper middle income,UMC,,,,,,,,,,,,,,,,,,,,,,65.38694,,,,,,,,,,,,80.43011,,,,,,,,,,,,,,,,,,,,,,,,,,,,,,,
Central African Republic,CAF,"literacy_rate_men",SE.ADT.LITR.MA.ZS,Sub-Saharan Africa,SSF,"Multiple Indicator Cluster Survey (MICS), 2010","Priority survey (PS), 2008",Low income,LIC,,,,,,29.5929203,,,,,,,,,,,,,48.02030182,,,,,,,,,,,,66.78953,,,,,,,,,,50.71271,,,,,,,,,,,,,,,,,,,,,,,,
Canada,CAN,"literacy_rate_men",SE.ADT.LITR.MA.ZS,North America,NAC,,"Labor force survey (LFS), 2000",High income,HIC,,,,,,,,,,,,,,,,,,,,,,,,,,,,,,,,,,,,,,,,,,,,,,,,,,,,,,,,,,,,,,,,,
Switzerland,CHE,"literacy_rate_men",SE.ADT.LITR.MA.ZS,Europe & Central Asia,ECS,,"Expenditure survey/budget survey (ES/BS), 2000",High income,HIC,,,,,,,,,,,,,,,,,,,,,,,,,,,,,,,,,,,,,,,,,,,,,,,,,,,,,,,,,,,,,,,,,
Channel Islands,CHI,"literacy_rate_men",SE.ADT.LITR.MA.ZS,Europe & Central Asia,ECS,,,High income,HIC,,,,,,,,,,,,,,,,,,,,,,,,,,,,,,,,,,,,,,,,,,,,,,,,,,,,,,,,,,,,,,,,,
Chile,CHL,"literacy_rate_men",SE.ADT.LITR.MA.ZS,Latin America & Caribbean,LCN,,"Integrated household survey (IHS), 2011",High income,HIC,,,,,,,,,,,,,91.48053741,,,,,,,,,,94.5630722,,,,,,,,,,95.79641,,,,,,98.60164,98.6072,,96.89878,,96.38801,,,,,,,,,,,,,,,,,,,,,
China,CHN,"literacy_rate_men",SE.ADT.LITR.MA.ZS,East Asia & Pacific,EAS,"National Sample Survey on Population Change (NSS), 2007","Integrated household survey (IHS), 2008",Upper middle income,UMC,,,,,,,,,,,,,79.19178009,,,,,,,,87.02497864,,,,,,,,,,95.13525,,,,,,,,,,97.47946,,,,,,,,,,,,,,,,,,,,,,,,
Cote d'Ivoire,CIV,"literacy_rate_men",SE.ADT.LITR.MA.ZS,Sub-Saharan Africa,SSF,"Demographic and Health Survey (DHS), 2011/12","Integrated household survey (IHS), 2008",Lower middle income,LMC,,,,,,,,,,,,,,,,,,,44.36354065,,,,,,,,,,43.94641876,,60.86066,,,,,,,,,,,,51.59267,,50.7019,,,,,,,,,,,,,,,,,,,,
Cameroon,CMR,"literacy_rate_men",SE.ADT.LITR.MA.ZS,Sub-Saharan Africa,SSF,"Demographic and Health Survey (DHS), 2011","Priority survey (PS), 2007",Lower middle income,LMC,,,,,,,54.62984848,,,,,,,,,,,,,,,,,,,,,,,,79.19452,,,,,,,78.94996,,,78.32769,,,,,,,,,,,,,,,,,,,,,,,,
"Congo, Dem. Rep.",COD,"literacy_rate_men",SE.ADT.LITR.MA.ZS,Sub-Saharan Africa,SSF,"Demographic and Health Survey (DHS), 2013","1-2-3 survey (1-2-3), 2004/05",Low income,LIC,,,,,,,,,,,,,,,,,,,,,,,,,,,,,,,,80.92324,,,,,,76.91569,,,,,87.90839,,,,88.52469,,,,,,,,,,,,,,,,,,
"Congo, Rep.",COG,"literacy_rate_men",SE.ADT.LITR.MA.ZS,Sub-Saharan Africa,SSF,"Demographic and Health Survey (DHS), 2011/12","Core Welfare Indicator Questionnaire Survey (CWIQ)/Priority survey (PS), 2011",Lower middle income,LMC,,,,,,,,,,,,,,,,,,,,,,,,,,,,,,,,,,,,,,,,,,86.43431,,,,,,,,,,,,,,,,,,,,,,,
Colombia,COL,"literacy_rate_men",SE.ADT.LITR.MA.ZS,Latin America & Caribbean,LCN,"Demographic and Health Survey (DHS), 2010","Integrated household survey (IHS), 2012",Upper middle income,UMC,,,,,,,,,,,,,,,,,,,,,,,,90.97265625,,,91.0891037,,,,,,,,92.90412,92.77795,92.3928,92.4297,93.31688,93.06254,93.25019,93.48826,,,93.8674,94.06317,,,,,,,,,,,,,,,,,,,
Comoros,COM,"literacy_rate_men",SE.ADT.LITR.MA.ZS,Sub-Saharan Africa,SSF,"Demographic and Health Survey (DHS), 2012","Integrated household survey (IHS), 2004",Low income,LIC,,,,,,,,,,,55.97703934,,,,,,,,,,,,,,,,,,,,74.51404,,,,,,,,,,,,56.4798,,,,,,,,,,,,,,,,,,,,,,
Cabo Verde,CPV,"literacy_rate_men",SE.ADT.LITR.MA.ZS,Sub-Saharan Africa,SSF,"Demographic and Health Survey (DHS), 2005","Expenditure survey/budget survey (ES/BS), 2007",Lower middle income,LMC,,,,,,,,,,,,,,,,,,,,,74.75926971,,,,,,,,,,,,,,,,,,,,,,90.4745,,,91.69144,,,,,,,,,,,,,,,,,,,
Costa Rica,CRI,"literacy_rate_men",SE.ADT.LITR.MA.ZS,Latin America & Caribbean,LCN,"Multiple Indicator Cluster Survey (MICS), 2011","Integrated household survey (IHS), 2012",Upper middle income,UMC,,,,,,,,,,,,,,,92.68213654,,,,,,,,,,,,,,,,94.65018,,,,,,,,,,,97.30633,,,,,,,,,,,,,,,,,,,,,,,
Cuba,CUB,"literacy_rate_men",SE.ADT.LITR.MA.ZS,Latin America & Caribbean,LCN,"Multiple Indicator Cluster Survey (MICS), 2010/11",,Upper middle income,UMC,,,,,,,,,,,,,,,,,,,,,,,,,,,,,,,,,99.80731,,,,,,,,,,99.70606,,,,,,,,,,,,,,,,,,,,,,
Curacao,CUW,"literacy_rate_men",SE.ADT.LITR.MA.ZS,Latin America & Caribbean,LCN,,,High income,HIC,,,,,,,,,,,,,,,,,,,,,,,,,,,,,,,,,,,,,,,,,,,,,,,,,,,,,,,,,,,,,,,,,
Cayman Islands,CYM,"literacy_rate_men",SE.ADT.LITR.MA.ZS,Latin America & Caribbean,LCN,,,High income,HIC,,,,,,,,,,,,,,,,,,,,,,,,,,,,,,,,,,,,,,98.72239,,,,,,,,,,,,,,,,,,,,,,,,,,,
Cyprus,CYP,"literacy_rate_men",SE.ADT.LITR.MA.ZS,Europe & Central Asia,ECS,,,High income,HIC,,,,,,,,,,,,,,,,,,,,,,,97.83058929,,,,,,,,,98.63104,,,,,,,,,,99.28615,,,,,,,,,,,,,,,,,,,,,,,
Czech Republic,CZE,"literacy_rate_men",SE.ADT.LITR.MA.ZS,Europe & Central Asia,ECS,"World Health Survey (WHS), 2003","Income survey (IS), 1996",High income,HIC,,,,,,,,,,,,,,,,,,,,,,,,,,,,,,,,,,,,,,,,,,,,,,,,,,,,,,,,,,,,,,,,,
Germany,DEU,"literacy_rate_men",SE.ADT.LITR.MA.ZS,Europe & Central Asia,ECS,,"Integrated household survey (IHS), 2000",High income,HIC,,,,,,,,,,,,,,,,,,,,,,,,,,,,,,,,,,,,,,,,,,,,,,,,,,,,,,,,,,,,,,,,,
Djibouti,DJI,"literacy_rate_men",SE.ADT.LITR.MA.ZS,Middle East & North Africa,MEA,"Multiple Indicator Cluster Survey (MICS), 2006","Priority survey (PS), 2002",Lower middle income,LMC,,,,,,,,,,,,,,,,,,,,,,,,,,,,,,,,,,,,,,,,,,,,,,,,,,,,,,,,,,,,,,,,,
Dominica,DMA,"literacy_rate_men",SE.ADT.LITR.MA.ZS,Latin America & Caribbean,LCN,,,Upper middle income,UMC,,,,,,,,,,,,,,,,,,,,,,,,,,,,,,,,,,,,,,,,,,,,,,,,,,,,,,,,,,,,,,,,,
Denmark,DNK,"literacy_rate_men",SE.ADT.LITR.MA.ZS,Europe & Central Asia,ECS,,"Income tax registers (ITR), 1997",High income,HIC,,,,,,,,,,,,,,,,,,,,,,,,,,,,,,,,,,,,,,,,,,,,,,,,,,,,,,,,,,,,,,,,,
Dominican Republic,DOM,"literacy_rate_men",SE.ADT.LITR.MA.ZS,Latin America & Caribbean,LCN,"Demographic and Health Survey (DHS), 2013","Integrated household survey (IHS), 2012",Upper middle income,UMC,,,,,,,,,,,,73.59024811,,,,,,,,,,,,,,,,,,,,,86.81102,,,,,88.21015,,,89.37704,89.98501,90.08482,90.45813,91.3716,91.65071,,,,,,,,,,,,,,,,,,,
Algeria,DZA,"literacy_rate_men",SE.ADT.LITR.MA.ZS,Middle East & North Africa,MEA,"Multiple Indicator Cluster Survey (MICS), 2012","Integrated household survey (IHS), 1995",Upper middle income,UMC,,,,,,,,,,,,,,,,,,63.37742996,,,,,,,,,,,,,,,79.18669,,,,81.28404,,82.61584,,,,,,,,,,,,,,,,,,,,,,,,,,
East Asia & Pacific (excluding high income),EAP,"literacy_rate_men",SE.ADT.LITR.MA.ZS,,,,,,,,,,,,,,,,,,,,,,87.80076599,87.80076599,87.80076599,87.80076599,87.80076599,87.80076599,87.80076599,87.80076599,87.80076599,87.80076599,94.62464905,94.62464905,94.62464905,94.62464905,94.62464905,94.62464905,94.62464905,94.62464905,94.62464905,94.62464905,96.91535187,96.91535187,96.91535187,96.91535187,96.91535187,96.91535187,96.91535187,96.91535187,96.91535187,96.91535187,,,,,,,,,,,,,,,,,,,,
East Asia & Pacific,EAS,"literacy_rate_men",SE.ADT.LITR.MA.ZS,,,,,,,,,,,,,,,,,,,,,,89.15545654,89.15545654,89.15545654,89.15545654,89.15545654,89.15545654,89.15545654,89.15545654,89.15545654,89.15545654,95.10453033,95.10453033,95.10453033,95.10453033,95.10453033,95.10453033,95.10453033,95.10453033,95.10453033,95.10453033,97.12260437,97.12260437,97.12260437,97.12260437,97.12260437,97.12260437,97.12260437,97.12260437,97.12260437,97.12260437,,,,,,,,,,,,,,,,,,,,
Europe & Central Asia (excluding high income),ECA,"literacy_rate_men",SE.ADT.LITR.MA.ZS,,,,,,,,,,,,,,,,,,,,,,98.04206085,98.04206085,98.04206085,98.04206085,98.04206085,98.04206085,98.04206085,98.04206085,98.04206085,98.04206085,98.81185913,98.81185913,98.81185913,98.81185913,98.81185913,98.81185913,98.81185913,98.81185913,98.81185913,98.81185913,99.45072937,99.45072937,99.45072937,99.45072937,99.45072937,99.45072937,99.45072937,99.45072937,99.45072937,99.45072937,,,,,,,,,,,,,,,,,,,,
Europe & Central Asia,ECS,"literacy_rate_men",SE.ADT.LITR.MA.ZS,,,,,,,,,,,,,,,,,,,,,,98.59207153,98.59207153,98.59207153,98.59207153,98.59207153,98.59207153,98.59207153,98.59207153,98.59207153,98.59207153,99.014534,99.014534,99.014534,99.014534,99.014534,99.014534,99.014534,99.014534,99.014534,99.014534,99.39486694,99.39486694,99.39486694,99.39486694,99.39486694,99.39486694,99.39486694,99.39486694,99.39486694,99.39486694,,,,,,,,,,,,,,,,,,,,
Ecuador,ECU,"literacy_rate_men",SE.ADT.LITR.MA.ZS,Latin America & Caribbean,LCN,"Reproductive Health Survey (RHS), 2004","Integrated household survey (IHS), 2012",Upper middle income,UMC,,,,,,,,,,,,,86.78697205,,,,,,,,90.49677277,,,,,,,,,,,92.32713,,,,,,87.25936,,87.11865,93.31687,93.05252,93.25424,94.42573,95.25717,95.72622,95.44502,,,,,,,,,,,,,,,,,,
"Egypt, Arab Rep.",EGY,"literacy_rate_men",SE.ADT.LITR.MA.ZS,Middle East & North Africa,MEA,"Demographic and Health Survey (DHS), 2008","Expenditure survey/budget survey (ES/BS), 2011",Lower middle income,LMC,,,,,,,53.6151886,,,,,,,,,,56.97615814,,,,,,,,,,67.15177917,,,,,,,,,83.01752,74.6218,,,,80.26865,,81.67922,82.63334,,,,,,,,,,,,,,,,,,,,,
Euro area,EMU,"literacy_rate_men",SE.ADT.LITR.MA.ZS,,,,,,,,,,,,,,,,,,,,,,,,,,,,,,,,,,,,,,,,,,,,,,,,,,,,,,,,,,,,,,,,,,,,,,,
Eritrea,ERI,"literacy_rate_men",SE.ADT.LITR.MA.ZS,Sub-Saharan Africa,SSF,"Demographic and Health Survey (DHS), 2002","Priority survey (PS), 1993",Low income,LIC,,,,,,,,,,,,,,,,,,,,,,,,,,,,,,,,,65.39012,,,,,,75.07241,,,,,,,,,,,,,,,,,,,,,,,,,,
Spain,ESP,"literacy_rate_men",SE.ADT.LITR.MA.ZS,Europe & Central Asia,ECS,,"Integrated household survey (IHS), 2000",High income,HIC,,,,,,,,,,,,95.8975296,,,,,,,,,,98.03549194,,,,,,,,,,,,,98.14391,98.61747,,98.63346,98.4023,98.46194,98.52571,98.53619,98.60653,98.74875,98.73127,98.77089,98.83597,,,,,,,,,,,,,,,,,,
Estonia,EST,"literacy_rate_men",SE.ADT.LITR.MA.ZS,Europe & Central Asia,ECS,"World Health Survey (WHS), 2003","Expenditure survey/budget survey (ES/BS), 2004",High income,HIC,,,,,,,,,,,,,,,,,,,,99.87597656,,,,,,,,,,,99.77595,,,,,,,,,,,99.85898,,,,,,,,,,,,,,,,,,,,,,,
Ethiopia,ETH,"literacy_rate_men",SE.ADT.LITR.MA.ZS,Sub-Saharan Africa,SSF,"Demographic and Health Survey (DHS), 2011","Expenditure survey/budget survey (ES/BS), 2010/11",Low income,LIC,,,,,,,,,,,,,,,,,,,,,,,,,35.98254013,,,,,,,,,,50,41.93662,,49.13466,,,,,,,,,,,,,,,,,,,,,,,,,,,
European Union,EUU,"literacy_rate_men",SE.ADT.LITR.MA.ZS,,,,,,,,,,,,,,,,,,,,,,,,,,,,,,,,,,,,,,,,,,,,,,,,,,,,,,,,,,,,,,,,,,,,,,,
Finland,FIN,"literacy_rate_men",SE.ADT.LITR.MA.ZS,Europe & Central Asia,ECS,,"Income survey (IS), 2000",High income,HIC,,,,,,,,,,,,,,,,,,,,,,,,,,,,,,,,,,,,,,,,,,,,,,,,,,,,,,,,,,,,,,,,,
Fiji,FJI,"literacy_rate_men",SE.ADT.LITR.MA.ZS,East Asia & Pacific,EAS,,"Expenditure survey/budget survey (ES/BS), 2009",Upper middle income,UMC,,,,,,,,,,,,,,,,,,,,,,,,,,,,,,,,,,,,,,,,,,,,,,,,,,,,,,,,,,,,,,,,,
France,FRA,"literacy_rate_men",SE.ADT.LITR.MA.ZS,Europe & Central Asia,ECS,,"Expenditure survey/budget survey (ES/BS), 1994/95",High income,HIC,,,,,,,,,,,,,,,,,,,,,,,,,,,,,,,,,,,,,,,,,,,,,,,,,,,,,,,,,,,,,,,,,
Faroe Islands,FRO,"literacy_rate_men",SE.ADT.LITR.MA.ZS,Europe & Central Asia,ECS,,,High income,HIC,,,,,,,,,,,,,,,,,,,,,,,,,,,,,,,,,,,,,,,,,,,,,,,,,,,,,,,,,,,,,,,,,
"Micronesia, Fed. Sts.",FSM,"literacy_rate_men",SE.ADT.LITR.MA.ZS,East Asia & Pacific,EAS,,"Integrated household survey (IHS), 2000",Lower middle income,LMC,,,,,,,,,,,,,,,,,,,,,,,,,,,,,,,,,,,,,,,,,,,,,,,,,,,,,,,,,,,,,,,,,
Gabon,GAB,"literacy_rate_men",SE.ADT.LITR.MA.ZS,Sub-Saharan Africa,SSF,"Demographic and Health Survey (DHS), 2012","Core Welfare Indicator Questionnaire Survey (CWIQ)/Integrated household survey (IHS), 2005",Upper middle income,UMC,,,,,,,,,,,,,,,,,,,,,,,,79.44418335,,,,,,,,,,,,,,,,,,,84.8733,,,,,,,,,,,,,,,,,,,,,,
United Kingdom,GBR,"literacy_rate_men",SE.ADT.LITR.MA.ZS,Europe & Central Asia,ECS,,"Income survey (IS), 1999",High income,HIC,,,,,,,,,,,,,,,,,,,,,,,,,,,,,,,,,,,,,,,,,,,,,,,,,,,,,,,,,,,,,,,,,
Georgia,GEO,"literacy_rate_men",SE.ADT.LITR.MA.ZS,Europe & Central Asia,ECS,"Multiple Indicator Cluster Survey (MICS), 2005; Reproductive Health Survey (RHS), 2005","Integrated household survey (IHS), 2011",Lower middle income,LMC,,,,,,,,,,,,,,,,,,,,,,,,,,,,,,,,,99.76898,,,,,,,,,,,,99.66821,,,,,,,,,,,,,,,,,,,,
Ghana,GHA,"literacy_rate_men",SE.ADT.LITR.MA.ZS,Sub-Saharan Africa,SSF,"Multiple Indicator Cluster Survey (MICS), 2011","Living Standards Measurement Study Survey (LSMS), 2005/06",Lower middle income,LMC,,,,,,,,,,,,,,,,,,,,,,,,,,,,,,,66.35128,,,,,,,,,,78.34891,,,,,,,,,,,,,,,,,,,,,,,,
Gibraltar,GIB,"literacy_rate_men",SE.ADT.LITR.MA.ZS,,,,,,,,,,,,,,,,,,,,,,,,,,,,,,,,,,,,,,,,,,,,,,,,,,,,,,,,,,,,,,,,,,,,,,,
Guinea,GIN,"literacy_rate_men",SE.ADT.LITR.MA.ZS,Sub-Saharan Africa,SSF,"Demographic and Health Survey (DHS), 2012","Core Welfare Indicator Questionnaire Survey (CWIQ), 2012",Low income,LIC,,,,,,,,,,,,,,,,,,,,,,,,,,,32.89533997,,,,,,,42.90316,,,,,,,36.78979,,,,43.64009,,,,,,,,,,,,,,,,,,,,
"Gambia, The",GMB,"literacy_rate_men",SE.ADT.LITR.MA.ZS,Sub-Saharan Africa,SSF,"Demographic and Health Survey (DHS), 2013","Integrated household survey (IHS), 2010",Low income,LIC,,,,,,,,,,,,,,,,,,,,,,,,,,,,,,,48.98115,,,,,,,,,,,,,51.41804,,,,,,,,,,,,,,,,,,,,,
Guinea-Bissau,GNB,"literacy_rate_men",SE.ADT.LITR.MA.ZS,Sub-Saharan Africa,SSF,"Multiple Indicator Cluster Survey (MICS), 2010","Core Welfare Indicator Questionnaire Survey (CWIQ), 2010",Low income,LIC,,,,,,,,,,33.34894943,,,,,,,,,,,,,,,,,,,,,57.61375,,,,,,,,,,,,,,62.15797,,,,,,,,,,,,,,,,,,,,
Equatorial Guinea,GNQ,"literacy_rate_men",SE.ADT.LITR.MA.ZS,Sub-Saharan Africa,SSF,"Demographic and Health Survey (DHS), 2011","Priority survey (PS), 2006",High income,HIC,,,,,,,,,,,,,,,,,,,,,,,,,,,,,,,94.84261,,,,,,,,,,,,,,,,,,,,,,,,,,,,,,,,,,
Greece,GRC,"literacy_rate_men",SE.ADT.LITR.MA.ZS,Europe & Central Asia,ECS,,"Integrated household survey (IHS), 2000",High income,HIC,,,,,,,,,,,,96.063797,,,,,,,,,,96.03746033,,,,,,,,,,97.81122,,,,95.45006,,96.15757,,96.06622,,98.07834,,,,,,,,,,,,,,,,,,,,,,,
Grenada,GRD,"literacy_rate_men",SE.ADT.LITR.MA.ZS,Latin America & Caribbean,LCN,"Reproductive Health Survey (RHS), 1985",,Upper middle income,UMC,98.04715729,,,,,,,,,,,,,,,,,,,,,,,,,,,,,,,,,,,,,,,,,,,,,,,,,,,,,,,,,,,,,,,,
Greenland,GRL,"literacy_rate_men",SE.ADT.LITR.MA.ZS,Europe & Central Asia,ECS,,,High income,HIC,,,,,,,,,,,,,,,,,,,,,,,,,,,,,,,,,,,,,,,,,,,,,,100,,,,,,,,,,,,,,,,,,,
Guatemala,GTM,"literacy_rate_men",SE.ADT.LITR.MA.ZS,Latin America & Caribbean,LCN,"Reproductive Health Survey (RHS), 2008/09","Living Standards Measurement Study Survey (LSMS), 2011",Lower middle income,LMC,,,,,,,,,,,,,,,,,,,,,,,,,71.70639038,,,,,,,,75.41558,,,,,,,,,,84.84873,82.72068,86.75616,,,,,,,,,,,,,,,,,,,,
Guam,GUM,"literacy_rate_men",SE.ADT.LITR.MA.ZS,East Asia & Pacific,EAS,,,High income,HIC,,,,,,,,,,,96.38265991,,,,,,,,,,99.41710663,,,,,,,,,,,,,,,,,,,,,,,,,,,,,,,,,,,,,,,,,,,,
Guyana,GUY,"literacy_rate_men",SE.ADT.LITR.MA.ZS,Latin America & Caribbean,LCN,"Demographic and Health Survey (DHS), 2009","Integrated household survey (IHS), 1998",Lower middle income,LMC,,,,,,,,,,,,,,,,,,,,,,,,,,,,,,,,,,,,,,,,82.43656,,,,,86.31438,,,,,,,,,,,,,,,,,,,,
High income,HIC,"literacy_rate_men",SE.ADT.LITR.MA.ZS,,,,,,,,,,,,,,,,,,,,,,,,,,,,,,,,,,,,,,,,,,,,,,,,,,,,,,,,,,,,,,,,,,,,,,,
"Hong Kong SAR, China",HKG,"literacy_rate_men",SE.ADT.LITR.MA.ZS,East Asia & Pacific,EAS,,,High income,HIC,,,,,,,,,,,,,,,,,,,,,,,,,,,,,,,,,,,,,,,,,,,,,,,,,,,,,,,,,,,,,,,,,
Honduras,HND,"literacy_rate_men",SE.ADT.LITR.MA.ZS,Latin America & Caribbean,LCN,"Demographic and Health Survey (DHS), 2011/12","Integrated household survey (IHS), 2010",Lower middle income,LMC,,,,,,,,,,,,,,,,,,,,,,,,,,,,,,,,79.78523,,,,,,83.74603,,,84.78901,85.34128,85.6962,85.66837,87.39595,87.92208,89.04894,,,,,,,,,,,,,,,,,,
Heavily indebted poor countries (HIPC),HPC,"literacy_rate_men",SE.ADT.LITR.MA.ZS,,,,,,,,,,,,,,,,,,,,,,56.74354553,56.74354553,56.74354553,56.74354553,56.74354553,56.74354553,56.74354553,56.74354553,56.74354553,56.74354553,63.11186218,63.11186218,63.11186218,63.11186218,63.11186218,63.11186218,63.11186218,63.11186218,63.11186218,63.11186218,66.75862885,66.75862885,66.75862885,66.75862885,66.75862885,66.75862885,66.75862885,66.75862885,66.75862885,66.75862885,,,,,,,,,,,,,,,,,,,,
Croatia,HRV,"literacy_rate_men",SE.ADT.LITR.MA.ZS,Europe & Central Asia,ECS,"World Health Survey (WHS), 2003","Expenditure survey/budget survey (ES/BS), 2008",High income,HIC,,,,,,,,,,,,,,,,,,,,,,98.75705719,,,,,,,,,,99.32059,,,,,,,,,,99.62971,,,,,,,,,,,,,,,,,,,,,,,
Haiti,HTI,"literacy_rate_men",SE.ADT.LITR.MA.ZS,Latin America & Caribbean,LCN,"HIV/Maternal and Child Health (HIV/MCH) Service Provision Assessments (SPA), 2013","Integrated household survey (IHS), 2001",Low income,LIC,,,,,,,,,,,,,37.12974167,,,,,,,,,,,,,,,,,,,,,63.09002,,,53.35505,,,,,,,,,,,,,,,,,,,,,,,,,,,,
Hungary,HUN,"literacy_rate_men",SE.ADT.LITR.MA.ZS,Europe & Central Asia,ECS,"World Health Survey (WHS), 2003","Expenditure survey/budget survey (ES/BS), 2007",Upper middle income,UMC,,,,,,,,,,,99.30319214,,,,,,,,,,,,,,99.2849884,,,,,,,,,,,,,,,,,,,,,,,,,,,,,,,,,,,,,,,,
Indonesia,IDN,"literacy_rate_men",SE.ADT.LITR.MA.ZS,East Asia & Pacific,EAS,"Demographic and Health Survey (DHS), 2012","Integrated household survey (IHS), 2013",Lower middle income,LMC,,,,,,,,,,,77.47499847,,,,,,,,,,88.02452087,,,,,,,,,,,,,,94.03508,,95.15854,,95.38319,95.64701,,95.59109,,,96.79101,97.10652,97.17444,,,,,,,,,,,,,,,,,,
Isle of Man,IMN,"literacy_rate_men",SE.ADT.LITR.MA.ZS,Europe & Central Asia,ECS,,,High income,HIC,,,,,,,,,,,,,,,,,,,,,,,,,,,,,,,,,,,,,,,,,,,,,,,,,,,,,,,,,,,,,,,,,
India,IND,"literacy_rate_men",SE.ADT.LITR.MA.ZS,South Asia,SAS,"Demographic and Health Survey (DHS), 2005/06","Integrated household survey (IHS), 2012",Lower middle income,LMC,,,,,,,,,,,,54.84101868,,,,,,,,,,61.64191818,,,,,,,,,,73.41186,,,,,75.1919,,,,,78.87723,,,,,,,,,,,,,,,,,,,,,,,
Ireland,IRL,"literacy_rate_men",SE.ADT.LITR.MA.ZS,Europe & Central Asia,ECS,,"Integrated household survey (IHS), 2000",High income,HIC,,,,,,,,,,,,,,,,,,,,,,,,,,,,,,,,,,,,,,,,,,,,,,,,,,,,,,,,,,,,,,,,,
"Iran, Islamic Rep.",IRN,"literacy_rate_men",SE.ADT.LITR.MA.ZS,Middle East & North Africa,MEA,"Demographic and Health Survey (DHS), 2000","Expenditure survey/budget survey (ES/BS), 2005",Upper middle income,UMC,,,,,,,48.18333054,,,,,,,,,,63.09954834,,,,,74.27448273,,,,,79.87161255,,,,,,83.5,,,88.01032,87.27219,,88.17703,,,,88.87982,89.54248,89.63542,,,,,,,,,,,,,,,,,,,,
Iraq,IRQ,"literacy_rate_men",SE.ADT.LITR.MA.ZS,Middle East & North Africa,MEA,"Multiple Indicator Cluster Survey (MICS), 2011","Integrated household survey (IHS), 2007",Upper middle income,UMC,,,,,,,,,,,,,,,,,,,,,,,,,,,,,,,84.08741,,,,,,,,,,,,,53.00728,,,,,,,,,,,,,,,,,,,,,
Iceland,ISL,"literacy_rate_men",SE.ADT.LITR.MA.ZS,Europe & Central Asia,ECS,,,High income,HIC,,,,,,,,,,,,,,,,,,,,,,,,,,,,,,,,,,,,,,,,,,,,,,,,,,,,,,,,,,,,,,,,,
Israel,ISR,"literacy_rate_men",SE.ADT.LITR.MA.ZS,Middle East & North Africa,MEA,,"Expenditure survey/budget survey (ES/BS), 2001",High income,HIC,,,,,,,,,,,,,,94.96340179,,,,,,,,,,,,,,,,,,,,,,,,,,,,,,,,,,,,,,,,,,,,,,,,,,,
Italy,ITA,"literacy_rate_men",SE.ADT.LITR.MA.ZS,Europe & Central Asia,ECS,,"Expenditure survey/budget survey (ES/BS), 2000",High income,HIC,,,,,,,,,,,,97.46465302,,,,,,,,,,,,,,,,,,,,98.82369,,,,,,,,,,99.14101,,,,,,,,,,,,,,,,,,,,,,,
Jamaica,JAM,"literacy_rate_men",SE.ADT.LITR.MA.ZS,Latin America & Caribbean,LCN,"Multiple Indicator Cluster Survey (MICS), 2011","Living Standards Measurement Study Survey (LSMS), 2010",Upper middle income,UMC,,,,,,,,,,,,,,,,,,,,,,,,,,,,,,74.08184,,,,,,,,,,,,,,,,,,,,,,,,,,,,,,,,,,,
Jordan,JOR,"literacy_rate_men",SE.ADT.LITR.MA.ZS,Middle East & North Africa,MEA,"Demographic and Health Survey (DHS), 2012","Expenditure survey/budget survey (ES/BS), 2010",Upper middle income,UMC,,,,,,,,,,80.48261261,,,,,,,,,,,,,,,,,,,,,,,,95.0845,,95.17645,,95.49455,,,95.76724,97.74836,98.44456,,,,,,,,,,,,,,,,,,,,,,
Japan,JPN,"literacy_rate_men",SE.ADT.LITR.MA.ZS,East Asia & Pacific,EAS,,"Income survey (IS), 1993",High income,HIC,,,,,,,,,,,,,,,,,,,,,,,,,,,,,,,,,,,,,,,,,,,,,,,,,,,,,,,,,,,,,,,,,
Kazakhstan,KAZ,"literacy_rate_men",SE.ADT.LITR.MA.ZS,Europe & Central Asia,ECS,"Multiple Indicator Cluster Survey (MICS), 2010/11","Expenditure survey/budget survey (ES/BS), 2012",Upper middle income,UMC,,,,,,,,,,,,,,,,,,,,99.07195282,,,,,,,,,,99.7633,,,,,,,,,,99.78625,99.82968,,,,,,,,,,,,,,,,,,,,,,,,
Kenya,KEN,"literacy_rate_men",SE.ADT.LITR.MA.ZS,Sub-Saharan Africa,SSF,"Malaria Indicator Survey (MIS), 2010; HIV/Maternal and Child Health (HIV/MCH) Service Provision Assessments (SPA), 2010","Integrated household survey (IHS), 2005/06",Low income,LIC,,,,,,,,,,,,,,,,,,,,,,,,,,,,,,,87.49466,,,,,,,78.07915,,,,,,,83.77803,,,,,,,,,,,,,,,,,,,,
Kyrgyz Republic,KGZ,"literacy_rate_men",SE.ADT.LITR.MA.ZS,Europe & Central Asia,ECS,"Demographic and Health Survey (DHS), 2012","Expenditure survey/budget survey (ES/BS), 2012",Lower middle income,LMC,,,,,,,,,,,,,,,,,,,,,,,,,,,,,,99.30671,,,,,,,,,,99.51879,,,,,,,,,,,,,,,,,,,,,,,,,
Cambodia,KHM,"literacy_rate_men",SE.ADT.LITR.MA.ZS,East Asia & Pacific,EAS,"Demographic and Health Survey (DHS), 2010","Integrated household survey (IHS), 2011",Low income,LIC,,,,,,,,,,,,,,,,,,,,,,,,,,,,,79.48217773,,,,,,84.68001,,,,85.08267,82.7524,,,,,,,,,,,,,,,,,,,,,,,,,
Kiribati,KIR,"literacy_rate_men",SE.ADT.LITR.MA.ZS,East Asia & Pacific,EAS,,,Lower middle income,LMC,,,,,,,,,,,,,,,,,,,,,,,,,,,,,,,,,,,,,,,,,,,,,,,,,,,,,,,,,,,,,,,,,
St. Kitts and Nevis,KNA,"literacy_rate_men",SE.ADT.LITR.MA.ZS,Latin America & Caribbean,LCN,,,High income,HIC,,,,,,,,,,,,,,,,,,,,,,,,,,,,,,,,,,,,,,,,,,,,,,,,,,,,,,,,,,,,,,,,,
"Korea, Rep.",KOR,"literacy_rate_men",SE.ADT.LITR.MA.ZS,East Asia & Pacific,EAS,,"Expenditure survey/budget survey (ES/BS), 1998",High income,HIC,,,,,,,,,,,,,,,,,,,,,,,,,,,,,,,,,,,,,,,,,,,,,,,,,,,,,,,,,,,,,,,,,
Kuwait,KWT,"literacy_rate_men",SE.ADT.LITR.MA.ZS,Middle East & North Africa,MEA,"Family Health Survey (FHS), 1996",,High income,HIC,,,,,,68.02863312,,,,,72.78765106,,,,,78.19730377,,,,,,,,,,81.12094879,,,,,,,,,,94.44604,94.52522,94.79458,95.01588,,95.54531,,95.83972,96.35419,,96.39225,,,,,,,,,,,,,,,,,,,
Latin America & Caribbean (excluding high income),LAC,"literacy_rate_men",SE.ADT.LITR.MA.ZS,,,,,,,,,,,,,,,,,,,,,,87.99091339,87.99091339,87.99091339,87.99091339,87.99091339,87.99091339,87.99091339,87.99091339,87.99091339,87.99091339,90.3425827,90.3425827,90.3425827,90.3425827,90.3425827,90.3425827,90.3425827,90.3425827,90.3425827,90.3425827,92.97173309,92.97173309,92.97173309,92.97173309,92.97173309,92.97173309,92.97173309,92.97173309,92.97173309,92.97173309,,,,,,,,,,,,,,,,,,,,
Lao PDR,LAO,"literacy_rate_men",SE.ADT.LITR.MA.ZS,East Asia & Pacific,EAS,"Multiple Indicator Cluster Survey (MICS), 2011/12","Expenditure survey/budget survey (ES/BS), 2008",Lower middle income,LMC,,,,,,,,,,,,,,,,,,,,,,,,,,73.48625183,,,,,81.36018,77.00606,,,,82.45175,,,,,,67.35858,,,,,,,,,,,,,,,,,,,,,,,
Lebanon,LBN,"literacy_rate_men",SE.ADT.LITR.MA.ZS,Middle East & North Africa,MEA,"Multiple Indicator Cluster Survey (MICS), 2000",,Upper middle income,UMC,,,,,,,,,,,,,,,,,,,,,,,,,,,,,,,,,,,,,,93.37894,,94.27195,,,,,,,,,,,,,,,,,,,,,,,,,
Liberia,LBR,"literacy_rate_men",SE.ADT.LITR.MA.ZS,Sub-Saharan Africa,SSF,"Demographic and Health Survey (DHS), 2013","Core Welfare Indicator Questionnaire Survey (CWIQ), 2007",Low income,LIC,,,,,,,,,,,,,,,44.87931824,,,,,,,,,,54.4029007,,,,,,,,,,,,,60.77481,,,,,,,,,,,,,,,,,,,,,,,,,,,
Libya,LBY,"literacy_rate_men",SE.ADT.LITR.MA.ZS,Middle East & North Africa,MEA,,,Upper middle income,UMC,,,,,,,,,,,,,,,76.99263,,,,,,,,,,87.72408295,,,,,,,,,,,,,,,,,,,,,,,,,,,,,,,,,,,,,,,,
St. Lucia,LCA,"literacy_rate_men",SE.ADT.LITR.MA.ZS,Latin America & Caribbean,LCN,"Multiple Indicator Cluster Survey (MICS), 2012","Integrated household survey (IHS), 1995",Upper middle income,UMC,,,,,,,,,,,,,,,,,,,,,,,,,,,,,,,,,,,,,,,,,,,,,,,,,,,,,,,,,,,,,,,,,
Latin America & Caribbean,LCN,"literacy_rate_men",SE.ADT.LITR.MA.ZS,,,,,,,,,,,,,,,,,,,,,,88.31056213,88.31056213,88.31056213,88.31056213,88.31056213,88.31056213,88.31056213,88.31056213,88.31056213,88.31056213,90.58026886,90.58026886,90.58026886,90.58026886,90.58026886,90.58026886,90.58026886,90.58026886,90.58026886,90.58026886,93.12031555,93.12031555,93.12031555,93.12031555,93.12031555,93.12031555,93.12031555,93.12031555,93.12031555,93.12031555,,,,,,,,,,,,,,,,,,,,
Least developed countries: UN classification,LDC,"literacy_rate_men",SE.ADT.LITR.MA.ZS,,,,,,,,,,,,,,,,,,,,,,56.63321686,56.63321686,56.63321686,56.63321686,56.63321686,56.63321686,56.63321686,56.63321686,56.63321686,56.63321686,63.26640701,63.26640701,63.26640701,63.26640701,63.26640701,63.26640701,63.26640701,63.26640701,63.26640701,63.26640701,68.33071136,68.33071136,68.33071136,68.33071136,68.33071136,68.33071136,68.33071136,68.33071136,68.33071136,68.33071136,,,,,,,,,,,,,,,,,,,,
Low income,LIC,"literacy_rate_men",SE.ADT.LITR.MA.ZS,,,,,,,,,,,,,,,,,,,,,,56.78993988,56.78993988,56.78993988,56.78993988,56.78993988,56.78993988,56.78993988,56.78993988,56.78993988,56.78993988,63.1827774,63.1827774,63.1827774,63.1827774,63.1827774,63.18278122,63.1827774,63.1827774,63.1827774,63.1827774,65.61077118,65.61077118,65.61077118,65.61077118,65.61077118,65.61077118,65.61077118,65.61077118,65.61077118,65.61077118,,,,,,,,,,,,,,,,,,,,
Liechtenstein,LIE,"literacy_rate_men",SE.ADT.LITR.MA.ZS,Europe & Central Asia,ECS,,,High income,HIC,,,,,,,,,,,,,,,,,,,,,,,,,,,,,,,,,,,,,,,,,,,,,,,,,,,,,,,,,,,,,,,,,
Sri Lanka,LKA,"literacy_rate_men",SE.ADT.LITR.MA.ZS,South Asia,SAS,"Demographic and Health Survey (DHS), 2006/07","Expenditure survey/budget survey (ES/BS), 2010",Lower middle income,LMC,,,,,,,,,,,,91.3483963,,,,,,,,,,,,,,,,,,,,92.2702,,,,,92.71365,,92.24393,,92.57847,,,,,,,,,,,,,,,,,,,,,,,,
Lower middle income,LMC,"literacy_rate_men",SE.ADT.LITR.MA.ZS,,,,,,,,,,,,,,,,,,,,,,68.66698456,68.66698456,68.66698456,68.66698456,68.66698456,68.66697693,68.66698456,68.66698456,68.66698456,68.66698456,76.30448914,76.30448914,76.30448914,76.30448914,76.30448914,76.30448914,76.30448914,76.30448914,76.30448914,76.30448914,80.92637634,80.92637634,80.92637634,80.92637634,80.92637634,80.92637634,80.92637634,80.92637634,80.92637634,80.92637634,,,,,,,,,,,,,,,,,,,,
Low & middle income,LMY,"literacy_rate_men",SE.ADT.LITR.MA.ZS,,,,,,,,,,,,,,,,,,,,,,77.90446472,77.90446472,77.90446472,77.90446472,77.90446472,77.90446472,77.90446472,77.90446472,77.90446472,77.90446472,84.06062317,84.06062317,84.06062317,84.06062317,84.06062317,84.06062317,84.06062317,84.06062317,84.06062317,84.06062317,87.0526886,87.0526886,87.0526886,87.0526886,87.0526886,87.0526886,87.0526886,87.0526886,87.0526886,87.0526886,,,,,,,,,,,,,,,,,,,,
Lesotho,LSO,"literacy_rate_men",SE.ADT.LITR.MA.ZS,Sub-Saharan Africa,SSF,"Demographic and Health Survey (DHS), 2009","Expenditure survey/budget survey (ES/BS), 2002/03",Lower middle income,LMC,,,,,,,,,,,,,,,,,,,,,,,,,,,,,,,79.99578,,,,,,,,,65.52196,,,,,67.74747,,,,,,,,,,,,,,,,,,,,
Lithuania,LTU,"literacy_rate_men",SE.ADT.LITR.MA.ZS,Europe & Central Asia,ECS,,"Expenditure survey/budget survey (ES/BS), 2008",High income,HIC,,,,,,,,,,,,,,,,,,,,99.20681,,,,,,,,,,,,99.64315,,,,,,,,,,99.79419,,,,,,,,,,,,,,,,,,,,,,,
Luxembourg,LUX,"literacy_rate_men",SE.ADT.LITR.MA.ZS,Europe & Central Asia,ECS,,,High income,HIC,,,,,,,,,,,,,,,,,,,,,,,,,,,,,,,,,,,,,,,,,,,,,,,,,,,,,,,,,,,,,,,,,
Latvia,LVA,"literacy_rate_men",SE.ADT.LITR.MA.ZS,Europe & Central Asia,ECS,"World Health Survey (WHS), 2003","Integrated household survey (IHS), 2008",High income,HIC,,,,,,,,,,,,,,,,,,,,99.75453949,,,,,,,,,,,99.79334,,,,,,,,,,,99.8811,,,,,,,,,,,,,,,,,,,,,,,
"Macao SAR, China",MAC,"literacy_rate_men",SE.ADT.LITR.MA.ZS,East Asia & Pacific,EAS,,,High income,HIC,,,,,,,,,,,,92.80967712,,,,,,,,,,,,,,,,,,,,95.27621,,,,,96.46999,,,,,97.75129,,,,,98.18592,,,,,,,,,,,,,,,,,,
St. Martin (French part),MAF,"literacy_rate_men",SE.ADT.LITR.MA.ZS,Latin America & Caribbean,LCN,,,High income,HIC,,,,,,,,,,,,,,,,,,,,,,,,,,,,,,,,,,,,,,,,,,,,,,,,,,,,,,,,,,,,,,,,,
Morocco,MAR,"literacy_rate_men",SE.ADT.LITR.MA.ZS,Middle East & North Africa,MEA,"Multiple Indicator Cluster Survey (MICS)/Pan Arab Project for Family Health (PAPFAM), 2006","Expenditure survey/budget survey (ES/BS), 2007",Lower middle income,LMC,,,,,,,,,,,,,43.7143898,,,,,,,,,,,,55.15517044,,,,,,,,,,65.70676,,,,68.36586,68.91762,,76.07358,80.38336,,,,,,,,,,,,,,,,,,,,,,
Monaco,MCO,"literacy_rate_men",SE.ADT.LITR.MA.ZS,Europe & Central Asia,ECS,,,High income,HIC,,,,,,,,,,,,,,,,,,,,,,,,,,,,,,,,,,,,,,,,,,,,,,,,,,,,,,,,,,,,,,,,,
Moldova,MDA,"literacy_rate_men",SE.ADT.LITR.MA.ZS,Europe & Central Asia,ECS,"Multiple Indicator Cluster Survey (MICS), 2012","Expenditure survey/budget survey (ES/BS), 2012",Lower middle income,LMC,,,,,,,,,,,,,,,,,,,,98.61405182,,,,,,,,,,,97.97762,,,,,,,,,,,,99.37359,,,,,,,,,,,,,,,,,,,,,,
Madagascar,MDG,"literacy_rate_men",SE.ADT.LITR.MA.ZS,Sub-Saharan Africa,SSF,"Malaria Indicator Survey (MIS), 2013","Priority survey (PS), 2010",Low income,LIC,,,,,,,,,,,,,,,,,,,,,,,,,,,,,,,76.53832,,,,,,,,,67.41731,,,75.02887,,,,,,,,,,,,,,,,,,,,,,
Maldives,MDV,"literacy_rate_men",SE.ADT.LITR.MA.ZS,South Asia,SAS,"Demographic and Health Survey (DHS), 2009","Integrated household survey (IHS), 2010",Upper middle income,UMC,,,,,,,,82.40484619,,,,,,,,92.11401367,,,,,95.89713287,,,,,96.21227264,,,,,,,,,,,98.36569,,,,,,,,98.52034,,,,,,,,,,,,,,,,,,,,
Middle East & North Africa,MEA,"literacy_rate_men",SE.ADT.LITR.MA.ZS,,,,,,,,,,,,,,,,,,,,,,69.99984741,69.99984741,69.99984741,69.99984741,69.99984741,69.99984741,69.99984741,69.99984741,69.99984741,69.99984741,79.62911224,79.62911224,79.62911224,79.62911224,79.62911224,79.62911224,79.62911224,79.62911224,79.62911224,79.62911224,87.2885437,87.2885437,87.2885437,87.2885437,87.2885437,87.2885437,87.2885437,87.2885437,87.2885437,87.2885437,,,,,,,,,,,,,,,,,,,,
Mexico,MEX,"literacy_rate_men",SE.ADT.LITR.MA.ZS,Latin America & Caribbean,LCN,"National Survey of Demographic Dynamics (ENADID), 2009","Integrated household survey (IHS), 2012",Upper middle income,UMC,,,,,,,,,,,86.24265289,,,,,,,,,,90.34739685,,,,,,,,,,92.55937,,91.9978,,92.44961,93.19041,93.9012,94.44151,94.59216,94.91657,94.38394,94.78277,95.39163,95.11211,95.62047,95.54933,,,,,,,,,,,,,,,,,,,
Marshall Islands,MHL,"literacy_rate_men",SE.ADT.LITR.MA.ZS,East Asia & Pacific,EAS,,,Upper middle income,UMC,,,,,,,,,,,,,,,,,,,,,,,,,,,,,,,,,,,,,,,,,,98.32509,,,,,,,,,,,,,,,,,,,,,,,
Middle income,MIC,"literacy_rate_men",SE.ADT.LITR.MA.ZS,,,,,,,,,,,,,,,,,,,,,,79.37788391,79.37788391,79.37788391,79.37788391,79.37788391,79.37789154,79.37788391,79.37788391,79.37788391,79.37788391,85.61858368,85.61858368,85.61858368,85.61858368,85.61858368,85.61858368,85.61858368,85.61858368,85.61858368,85.61858368,88.74941254,88.74941254,88.74941254,88.74941254,88.74941254,88.74941254,88.74941254,88.74941254,88.74941254,88.74941254,,,,,,,,,,,,,,,,,,,,
"Macedonia, FYR",MKD,"literacy_rate_men",SE.ADT.LITR.MA.ZS,Europe & Central Asia,ECS,"Multiple Indicator Cluster Survey (MICS), 2011","Expenditure survey/budget survey (ES/BS), 2009",Upper middle income,UMC,,,,,,,,,,,,,,,,,,,,,,,,,97.23235321,,,,,,,,98.21278,,,,,,,,,,,,,,,,,,,,,,,,,,,,,,,,
Mali,MLI,"literacy_rate_men",SE.ADT.LITR.MA.ZS,Sub-Saharan Africa,SSF,"Demographic and Health Survey (DHS), 2012/13","Integrated household survey (IHS), 2009/10",Low income,LIC,,,,,,,13.51292038,,,,,,,,,,,,,,,,,,,,,,26.73296928,,,,,32.7,,,34.85789,,,,43.40063,43.27392,,,,45.06592,,,,,,,,,,,,,,,,,,,
Malta,MLT,"literacy_rate_men",SE.ADT.LITR.MA.ZS,Middle East & North Africa,MEA,,,High income,HIC,,,,,,,,,,,,,,,,85.19882202,,,,,,,,,,86.43028259,,,,,,,,,,91.18658,,,,,,91.79265,,,,,,,,,,,,,,,,,,,,,,,
Myanmar,MMR,"literacy_rate_men",SE.ADT.LITR.MA.ZS,East Asia & Pacific,EAS,"Multiple Indicator Cluster Survey (MICS), 2009/10",,Low income,LIC,,,,,,,,,,,,,,85.7883606,,,,,,,,,,,,,,,,,93.92426,,,,,,,,,,,,,,,,80.01159,,,,,,,,,,,,,,,,,,
Middle East & North Africa (excluding high income),MNA,"literacy_rate_men",SE.ADT.LITR.MA.ZS,,,,,,,,,,,,,,,,,,,,,,68.02909851,68.02909851,68.02909851,68.02909851,68.02909851,68.02909851,68.02909851,68.02909851,68.02909851,68.02909851,77.94811249,77.94811249,77.94811249,77.94811249,77.94811249,77.94811249,77.94811249,77.94811249,77.94811249,77.94811249,85.5463562,85.5463562,85.5463562,85.5463562,85.5463562,85.5463562,85.5463562,85.5463562,85.5463562,85.5463562,,,,,,,,,,,,,,,,,,,,
Montenegro,MNE,"literacy_rate_men",SE.ADT.LITR.MA.ZS,Europe & Central Asia,ECS,"Multiple Indicator Cluster Survey (MICS), 2005/06","Expenditure survey/budget survey (ES/BS), 2011",Upper middle income,UMC,,,,,,,,,,,,96.32008362,,,,,,,,,,97.58599854,,,,,,,,,,,,99.30319,,,,,,,,99.43121,,,,,,,,,,,,,,,,,,,,,,,
Mongolia,MNG,"literacy_rate_men",SE.ADT.LITR.MA.ZS,East Asia & Pacific,EAS,"Multiple Indicator Cluster Survey (MICS), 2010","Living Standards Measurement Study Survey (LSMS), 2012",Lower middle income,LMC,,,,,,,,,,,,,,,,,,,,,,,,,,,,,,,98.01678,,,,,,,,,,98.1747,,,,,,,,,,,,,,,,,,,,,,,,
Northern Mariana Islands,MNP,"literacy_rate_men",SE.ADT.LITR.MA.ZS,East Asia & Pacific,EAS,,,High income,HIC,,,,,,,,,,,,,,,,,,,,,,,,,,,,,,,,,,,,,,,,,,,,,,,,,,,,,,,,,,,,,,,,,
Mozambique,MOZ,"literacy_rate_men",SE.ADT.LITR.MA.ZS,Sub-Saharan Africa,SSF,"Demographic and Health Survey (DHS), 2011","Expenditure survey/budget survey (ES/BS), 2008/09",Low income,LIC,,,,,,,,,,,43.9546814,,,,,,,,,,,,,,,,,54.81887817,,,,,,65.5771,,,,,,67.3547,,,,,,,,,,,,,,,,,,,,,,,,,
Mauritania,MRT,"literacy_rate_men",SE.ADT.LITR.MA.ZS,Sub-Saharan Africa,SSF,"Multiple Indicator Cluster Survey (MICS), 2011","Integrated household survey (IHS), 2008",Lower middle income,LMC,,,,,,,,,,,,,,,,,,,,,,,,,,,,,,,59.54033,,,,,,,57.40438,,,,,,,,,,,,,,,,,,,,,,,,,,,
Mauritius,MUS,"literacy_rate_men",SE.ADT.LITR.MA.ZS,Sub-Saharan Africa,SSF,"Reproductive Health Survey (RHS), 1991",,Upper middle income,UMC,,,,,,,,,,,,,,,,,,,,,85.14575195,,,,,,,,,,88.22786,,,,,,,,,,,91.95172,94.65241,94.03689,94.76538,94.86117,,,,,,,,,,,,,,,,,,,
Malawi,MWI,"literacy_rate_men",SE.ADT.LITR.MA.ZS,Sub-Saharan Africa,SSF,"HIV/Maternal and Child Health (HIV/MCH) Service Provision Assessments (SPA), 2013","Integrated household survey (IHS), 2010/11",Low income,LIC,,,,,,,,,,,,,,,,,,65.27950287,,,,,,,,,,,74.92640686,,,,,,,,,,,,72.09765,,,,75.97926,69.75397,,,,,,,,,,,,,,,,,,,
Malaysia,MYS,"literacy_rate_men",SE.ADT.LITR.MA.ZS,East Asia & Pacific,EAS,"World Health Survey (WHS), 2003","Expenditure survey/budget survey (ES/BS), 2012",Upper middle income,UMC,,,,,,,,,,,78.14633179,,,,,,,,,,,88.56298828,,,,,,,,,91.96924,,,,,,,,,,95.43375,,,,,,,,,,,,,,,,,,,,,,,,
North America,NAC,"literacy_rate_men",SE.ADT.LITR.MA.ZS,,,,,,,,,,,,,,,,,,,,,,,,,,,,,,,,,,,,,,,,,,,,,,,,,,,,,,,,,,,,,,,,,,,,,,,
Namibia,NAM,"literacy_rate_men",SE.ADT.LITR.MA.ZS,Sub-Saharan Africa,SSF,"Demographic and Health Survey (DHS), 2013","Expenditure survey/budget survey (ES/BS), 2009/10",Upper middle income,UMC,,,,,,,,,,,,,,,,,,,,,,77.80812073,,,,,,,,,,86.55523,,,,,,74.32835,,,,88.63123,,,,,,,,,,,,,,,,,,,,,,,
New Caledonia,NCL,"literacy_rate_men",SE.ADT.LITR.MA.ZS,East Asia & Pacific,EAS,,,High income,HIC,,,,,,,92.19094086,,,,,,,,,,,,,94.04418945,,,,,,,96.78476715,,,,,,,,,,,,,,,,,,,,,,,,,,,,,,,,,,,,,,
Niger,NER,"literacy_rate_men",SE.ADT.LITR.MA.ZS,Sub-Saharan Africa,SSF,"Demographic and Health Survey (DHS), 2012","Core Welfare Indicator Questionnaire Survey (CWIQ)/Priority survey (PS), 2007",Low income,LIC,,,,,,,,,,,,,,,,,,,,,,,,,,,,,,,,19.64006,,,,42.92737,,,,,,,23.24747,,,,,,,,,,,,,,,,,,,,,,
Nigeria,NGA,"literacy_rate_men",SE.ADT.LITR.MA.ZS,Sub-Saharan Africa,SSF,"Demographic and Health Survey (DHS), 2013","Integrated household survey (IHS), 2010",Lower middle income,LMC,,,,,,,,,,,,,,,,,,,,,,67.65373993,,,,,,,,,,,,66.76743,,,,,61.25405,,,,,,,,,,,,,,,,,,,,,,,,,,
Nicaragua,NIC,"literacy_rate_men",SE.ADT.LITR.MA.ZS,Latin America & Caribbean,LCN,"Reproductive Health Survey (RHS), 2006/2007","Living Standards Measurement Study Survey (LSMS), 2009",Lower middle income,LMC,,,,,,,,,,,,,,,,,,,,,,,,,,,,,,,,76.76049,,,,78.09643,,,,,,,,,,,,,,,,,,,,,,,,,,,,,
Netherlands,NLD,"literacy_rate_men",SE.ADT.LITR.MA.ZS,Europe & Central Asia,ECS,,"Integrated household survey (IHS), 1999",High income,HIC,,,,,,,,,,,,,,,,,,,,,,,,,,,,,,,,,,,,,,,,,,,,,,,,,,,,,,,,,,,,,,,,,
Norway,NOR,"literacy_rate_men",SE.ADT.LITR.MA.ZS,Europe & Central Asia,ECS,,"Income survey (IS), 2000",High income,HIC,,,,,,,,,,,,,,,,,,,,,,,,,,,,,,,,,,,,,,,,,,,,,,,,,,,,,,,,,,,,,,,,,
Nepal,NPL,"literacy_rate_men",SE.ADT.LITR.MA.ZS,South Asia,SAS,"Demographic and Health Survey (DHS), 2011","Living Standards Measurement Study Survey (LSMS), 2011",Low income,LIC,,,,,,,,,,,,31.67275047,,,,,,,,,,49.22002029,,,,,,,,,,62.70801,,,,,,,,,,71.70838,,,,,,,,,,,,,,,,,,,,,,,
Nauru,NRU,"literacy_rate_men",SE.ADT.LITR.MA.ZS,,,,,,,,,,,,,,,,,,,,,,,,,,,,,,,,,,,,,,,,,,,,,,,,,,,,,,,,,,,,,,,,,,,,,,,
New Zealand,NZL,"literacy_rate_men",SE.ADT.LITR.MA.ZS,East Asia & Pacific,EAS,,"Income survey (IS), 1997",High income,HIC,,,,,,,,,,,,,,,,,,,,,,,,,,,,,,,,,,,,,,,,,,,,,,,,,,,,,,,,,,,,,,,,,
OECD members,OED,"literacy_rate_men",SE.ADT.LITR.MA.ZS,,,,,,,,,,,,,,,,,,,,,,,,,,,,,,,,,,,,,,,,,,,,,,,,,,,,,,,,,,,,,,,,,,,,,,,
Oman,OMN,"literacy_rate_men",SE.ADT.LITR.MA.ZS,Middle East & North Africa,MEA,"Multiple Indicator Cluster Survey (MICS), 2012",,High income,HIC,,,,,,,,,,,,,,,,,,,,,,,,,,,,,,,,,,86.86234,,,,,89.99932,,90.24303,,,,94.99074,96.63287,,,,,,,,,,,,,,,,,,,
Pakistan,PAK,"literacy_rate_men",SE.ADT.LITR.MA.ZS,South Asia,SAS,"Demographic and Health Survey (DHS), 2012/13","Integrated household survey (IHS), 2008",Lower middle income,LMC,,,,,,,,,,,,35.38064957,,,,,,,,,,,,,,,,,55.29661179,,,,,,,64.06048,67.65184,,68.8661,68.62762,68.90061,66.99114,69.85822,68.62934,69.06681,,,,,,,,,,,,,,,,,,,,
Panama,PAN,"literacy_rate_men",SE.ADT.LITR.MA.ZS,Latin America & Caribbean,LCN,"Living Standards Measurement Study Survey (LSMS), 2008","Integrated household survey (IHS), 2011",Upper middle income,UMC,,,,,,,,,,,88.09651947,,,,,,,,,,89.33695984,,,,,,,,,,92.54793,,,,,,,,,,94.70741,,,,,,,,,,,,,,,,,,,,,,,,
Peru,PER,"literacy_rate_men",SE.ADT.LITR.MA.ZS,Latin America & Caribbean,LCN,"Continuous Demographic and Health Survey (DHS), 2013","Integrated household survey (IHS), 2012",Upper middle income,UMC,,,,,,,,,,,,90.1435318,,,,,,,,,,,,92.85101318,,,,,,,,,,,93.4607,93.71831,94.22582,94.85703,,,,,96.95013,,96.94898,97.10638,97.18846,,,,,,,,,,,,,,,,,,
Philippines,PHL,"literacy_rate_men",SE.ADT.LITR.MA.ZS,East Asia & Pacific,EAS,"Demographic and Health Survey (DHS), 2013","Expenditure survey/budget survey (ES/BS), 2012",Lower middle income,LMC,,,,,,,,,,,83.88928986,,,,,,,,,,93.97168732,,,,,,,,,,92.545,,,91.63449,,,,,95.01213,,,,,96.00834,,,,,,,,,,,,,,,,,,,,,
Palau,PLW,"literacy_rate_men",SE.ADT.LITR.MA.ZS,East Asia & Pacific,EAS,,,Upper middle income,UMC,,,,,,,,,,,93.2873764,,,,,,,,,,,,,,95.36660004,,,,,,,,,,,,,,,,,,,99.46721,,96.81275,,,,,,,,,,,,,,,,,,,
Papua New Guinea,PNG,"literacy_rate_men",SE.ADT.LITR.MA.ZS,East Asia & Pacific,EAS,"Living Standards Measurement Study Survey (LSMS), 1996","Integrated household survey (IHS), 2009/10",Lower middle income,LMC,,,,,,,,,,,,,,,,,,,,,,,,,,,,,,,63.44522,,,,,,,,,,,,,,,,,,,,,,,,,,,,,,,,,,
Poland,POL,"literacy_rate_men",SE.ADT.LITR.MA.ZS,Europe & Central Asia,ECS,,"Expenditure survey/budget survey (ES/BS), 2010",High income,HIC,,,,,,,,,99.27516937,,,,,,,,,,,,,,,,99.71308136,,,,,,,,,,,,,,,,,,,,,,,,,,,,,,,,,,,,,,,,
Puerto Rico,PRI,"literacy_rate_men",SE.ADT.LITR.MA.ZS,Latin America & Caribbean,LCN,"Reproductive Health Survey (RHS), 1995/96",,High income,HIC,,,,,,,,,,,87.74803162,,,,,,,,,,89.50269318,,,,,,,,,,,,,,,,,,,,91.33078,,,,,,,,,,,,,,,,,,,,,,,,
"Korea, Dem. Peopleï¿½s Rep.",PRK,"literacy_rate_men",SE.ADT.LITR.MA.ZS,East Asia & Pacific,EAS,"Multiple Indicator Cluster Survey (MICS), 2009",,Low income,LIC,,,,,,,,,,,,,,,,,,,,,,,,,,,,,,,,,,,,,,,99.99888,,,,,,,,,,,,,,,,,,,,,,,,,,
Portugal,PRT,"literacy_rate_men",SE.ADT.LITR.MA.ZS,Europe & Central Asia,ECS,,"Income survey (IS), 1997",High income,HIC,,,,,,,,,,,,84.83334351,,,,,,,,,,91.58705902,,,,,,,,,,,,,,,,,,,,96.28558,,,,,,,,,,,,,,,,,,,,,,,
Paraguay,PRY,"literacy_rate_men",SE.ADT.LITR.MA.ZS,Latin America & Caribbean,LCN,"Reproductive Health Survey (RHS), 2008","Integrated household survey (IHS), 2011",Lower middle income,LMC,,,,,,,,,,,,,81.08306885,,,,,,,,,,92.00015259,,,,,,,,,,,,,,,95.71238,94.12632,94.36773,94.81315,,,,95.54606,95.84588,,,,,,,,,,,,,,,,,,,
West Bank and Gaza,PSE,"literacy_rate_men",SE.ADT.LITR.MA.ZS,Middle East & North Africa,MEA,"Multiple Indicator Cluster Survey (MICS), 2010","Integrated household survey (IHS), 2009",Lower middle income,LMC,,,,,,,,,,,,,,,,,,,,,,,,,,,,92.24350739,,,,,,,96.54279,,97.07989,97.23721,94.88419,97.43125,97.62902,97.857,98.1918,98.39109,98.40231,98.4809,98.60784,,,,,,,,,,,,,,,,,,
French Polynesia,PYF,"literacy_rate_men",SE.ADT.LITR.MA.ZS,East Asia & Pacific,EAS,,,High income,HIC,,,,,,,,,,,,,,,,,,,,,,,,,,,,,,,,,,,,,,,,,,,,,,,,,,,,,,,,,,,,,,,,,
Qatar,QAT,"literacy_rate_men",SE.ADT.LITR.MA.ZS,Middle East & North Africa,MEA,"Multiple Indicator Cluster Survey (MICS), 2012",,High income,HIC,,,,,,,,,,,,,,,,,76.79582977,,,,,,,,,,,84.24456024,,,,,,,89.10427,,,93.80682,94.2906,95.11571,96.51166,96.62583,96.92077,97.58471,97.7937,,,,,,,,,,,,,,,,,,,,
Romania,ROU,"literacy_rate_men",SE.ADT.LITR.MA.ZS,Europe & Central Asia,ECS,"Reproductive Health Survey (RHS), 1999","Labor force survey (LFS), 2010",Upper middle income,UMC,,,,,,,,,,,,,,,,,,,,,,,98.53202057,,,,,,,,,,98.4044,,,,,,,,,99.03429,,,,,,,,,,,,,,,,,,,,,,,
Russian Federation,RUS,"literacy_rate_men",SE.ADT.LITR.MA.ZS,Europe & Central Asia,ECS,"World Health Survey (WHS), 2003","Integrated household survey (IHS), 2012",High income,HIC,,,,,,,,,,,,,,,,,,,,99.45623779,,,,,,,,,,,,,99.69408,,,,,,,,99.72831,,,,,,,,,,,,,,,,,,,,,,,,
Rwanda,RWA,"literacy_rate_men",SE.ADT.LITR.MA.ZS,Sub-Saharan Africa,SSF,"Malaria Indicator Survey (MIS), 2013","Integrated household survey (IHS), 2011",Low income,LIC,,,,,,,,,50.82326126,,,,,,,,,,,,,67.69941711,,,,,,,,,71.41938,,,,,,,,,,71.13054,,72.44518,,,,,,,,,,,,,,,,,,,,,,
South Asia,SAS,"literacy_rate_men",SE.ADT.LITR.MA.ZS,,,,,,,,,,,,,,,,,,,,,,59.34525299,59.34525299,59.34525299,59.34525299,59.34525299,59.34525299,59.34525299,59.34525299,59.34525299,59.34525299,69.82589722,69.82589722,69.82589722,69.82589722,69.82589722,69.82589722,69.82589722,69.82589722,69.82589722,69.82589722,76.02194214,76.02194214,76.02194214,76.02194214,76.02194214,76.02194214,76.02194214,76.02194214,76.02194214,76.02194214,,,,,,,,,,,,,,,,,,,,
Saudi Arabia,SAU,"literacy_rate_men",SE.ADT.LITR.MA.ZS,Middle East & North Africa,MEA,"Demographic survey, 2007",,High income,HIC,,,,,,,,,,,,,,,,,,,,,,,79.96852875,,,,,,,,87.06077,,,,87.53204,,,,,,,,,96.53143,,,,,,,,,,,,,,,,,,,,,
Sudan,SDN,"literacy_rate_men",SE.ADT.LITR.MA.ZS,Sub-Saharan Africa,SSF,"Sudan Household Health Survey (SHHS), 2010","Expenditure survey/budget survey (ES/BS), 2009",Lower middle income,LMC,,,,,,,,,,,,,,,,,,,,,,,,,,,,,,,71.58102,,,,,,,,59.79825,,,,,,,,,,,,,,,,,,,,,,,,,,
Senegal,SEN,"literacy_rate_men",SE.ADT.LITR.MA.ZS,Sub-Saharan Africa,SSF,"Continuous Demographic and Health Survey (DHS), 2013/14; HIV/Maternal and Child Health (HIV/MCH) Service Provision Assessments (SPA), 2013/14","Priority survey (PS), 2010/11",Lower middle income,LMC,,,,,,,,,,,,,,,,,,,36.90288162,,,,,,,,,,,,,,51.05153,,,,52.25848,,,61.80952,,66.34154,,52.80447,,,,,,,,,,,,,,,,,,,,,
Singapore,SGP,"literacy_rate_men",SE.ADT.LITR.MA.ZS,East Asia & Pacific,EAS,"National Health Survey (NHS), 2010",,High income,HIC,,,,,,,,,,,91.56623077,,,,,,,,,,95.09316254,,,,,,,,,,96.5651,,,,,,,,,,98.03714,98.39284,98.46946,98.54254,98.60895,98.55957,98.73453,,,,,,,,,,,,,,,,,,
Solomon Islands,SLB,"literacy_rate_men",SE.ADT.LITR.MA.ZS,East Asia & Pacific,EAS,,"Integrated household survey (IHS), 2005/06",Lower middle income,LMC,,,,,,,,,,,,,,,,,,,,,,,,,,,,,,83.7,,,,,,,,,,,,,,,,,,,,,,,,,,,,,,,,,,,
Sierra Leone,SLE,"literacy_rate_men",SE.ADT.LITR.MA.ZS,Sub-Saharan Africa,SSF,"Demographic and Health Survey (DHS), 2013; Malaria Indicator Survey (MIS), 2013","Integrated household survey (IHS), 2011",Low income,LIC,,,,,,,,,,,,,,,,,,,,,,,,,,,,,,,,,,,46.65429,,,,,,,,,41.33217,,,,,,,,,,,,,,,,,,,,,
El Salvador,SLV,"literacy_rate_men",SE.ADT.LITR.MA.ZS,Latin America & Caribbean,LCN,"Reproductive Health Survey (RHS), 2008","Integrated household survey (IHS), 2012",Lower middle income,LMC,,,,,,,,,,,,,,,,,,,,,,,77.37241364,,,,,,,,,,,,,,86.69534,84.86407,87.05468,86.82521,87.0997,88.39165,,89.23501,,90.00994,,,,,,,,,,,,,,,,,,,
San Marino,SMR,"literacy_rate_men",SE.ADT.LITR.MA.ZS,Europe & Central Asia,ECS,,,High income,HIC,,,,,,,,,,,,,,,,,,,,,,,,,,,,,,,,,,,,,,,,,,,,,,,,,,,,,,,,,,,,,,,,,
Somalia,SOM,"literacy_rate_men",SE.ADT.LITR.MA.ZS,Sub-Saharan Africa,SSF,"Multiple Indicator Cluster Survey (MICS), 2006",,Low income,LIC,,,,,,,,,,,,,,,,,,,,,,,,,,,,,,,,,,,,,,,,,,,,,,,,,,,,,,,,,,,,,,,,,
Serbia,SRB,"literacy_rate_men",SE.ADT.LITR.MA.ZS,Europe & Central Asia,ECS,"Multiple Indicator Cluster Survey (MICS), 2010","Integrated household survey (IHS), 2010",Upper middle income,UMC,,,,,,,,,,,,,,,,,,,,,,,,,,,,,,,,,,,,,,,,,,99.26464,,,,,99.4997,,,,,,,,,,,,,,,,,,
Sub-Saharan Africa (excluding high income),SSA,"literacy_rate_men",SE.ADT.LITR.MA.ZS,,,,,,,,,,,,,,,,,,,,,,,,,,,,,,,,67.20457458,67.20457458,67.20457458,67.20457458,67.20457458,67.20457458,67.20457458,67.20457458,67.20457458,67.20457458,69.21968842,69.21968842,69.21968842,69.21968842,69.21968842,69.21968842,69.21968842,69.21968842,69.21968842,69.21968842,,,,,,,,,,,,,,,,,,,,
South Sudan,SSD,"literacy_rate_men",SE.ADT.LITR.MA.ZS,Sub-Saharan Africa,SSF,,"Expenditure survey/budget survey (ES/BS), 2009",Lower middle income,LMC,,,,,,,,,,,,,,,,,,,,,,,,,,,,,,,,,,,,,,,34.83693,,,,,,,,,,,,,,,,,,,,,,,,,,
Sub-Saharan Africa,SSF,"literacy_rate_men",SE.ADT.LITR.MA.ZS,,,,,,,,,,,,,,,,,,,,,,,,,,,,,,,,67.20840454,67.20840454,67.20840454,67.20840454,67.20840454,67.20840454,67.20840454,67.20840454,67.20840454,67.20840454,69.22330475,69.22330475,69.22330475,69.22330475,69.22330475,69.22330475,69.22330475,69.22330475,69.22330475,69.22330475,,,,,,,,,,,,,,,,,,,,
Sao Tome and Principe,STP,"literacy_rate_men",SE.ADT.LITR.MA.ZS,Sub-Saharan Africa,SSF,"Demographic and Health Survey (DHS), 2008/09","Priority survey (PS), 2009/10",Lower middle income,LMC,,,,,,,,,,,,73.14115143,,,,,,,,,,85.24964142,,,,,,,,,,92.23467,,,,,,,80.33024,,,,94.95617,,,,,,,,,,,,,,,,,,,,,,
Suriname,SUR,"literacy_rate_men",SE.ADT.LITR.MA.ZS,Latin America & Caribbean,LCN,"Multiple Indicator Cluster Survey (MICS), 2010","Expenditure survey/budget survey (ES/BS), 1999",Upper middle income,UMC,,,,,,,,,,,,,,,,,,,,,,,,,,,,,,,,,,,92.01633,,,,95.49294,,95.36479,,94.86987,,,,,,,,,,,,,,,,,,,,,,
Slovak Republic,SVK,"literacy_rate_men",SE.ADT.LITR.MA.ZS,Europe & Central Asia,ECS,"World Health Survey (WHS), 2003","Income survey (IS), 2009",High income,HIC,,,,,,,,,,,,,,,,,,,,,,,,,,,,,,,,,,,,,,,,,,,,,,,,,,,,,,,,,,,,,,,,,
Slovenia,SVN,"literacy_rate_men",SE.ADT.LITR.MA.ZS,Europe & Central Asia,ECS,"World Health Survey (WHS), 2003","Expenditure survey/budget survey (ES/BS), 2004",High income,HIC,,,,,,,,,,,,,,,,,,,,,,99.60208893,,,,,,,,,,,,,,,,,,,,,,,,,,,,,,,,,,,,,,,,,,,
Sweden,SWE,"literacy_rate_men",SE.ADT.LITR.MA.ZS,Europe & Central Asia,ECS,,"Income survey (IS), 2000",High income,HIC,,,,,,,,,,,,,,,,,,,,,,,,,,,,,,,,,,,,,,,,,,,,,,,,,,,,,,,,,,,,,,,,,
Swaziland,SWZ,"literacy_rate_men",SE.ADT.LITR.MA.ZS,Sub-Saharan Africa,SSF,"Multiple Indicator Cluster Survey (MICS), 2010","Expenditure survey/budget survey (ES/BS), 2009/10",Lower middle income,LMC,,,,,,,57.38439178,,,,,,,,,,69.68347168,,,,,,,,,,,,,,83.15462,,,,,,,,,,83.90015,,,,,,,,,,,,,,,,,,,,,,,,
Sint Maarten (Dutch part),SXM,"literacy_rate_men",SE.ADT.LITR.MA.ZS,Latin America & Caribbean,LCN,,,High income,HIC,,,,,,,,,,,,,,,,,,,,,,,,,,,,,,,,,,,,,,,,,,,,,,,,,,,,,,,,,,,,,,,,,
Seychelles,SYC,"literacy_rate_men",SE.ADT.LITR.MA.ZS,Sub-Saharan Africa,SSF,,"Budget survey (BS), 2006/07",Upper middle income,UMC,,,,,,,,,,,,,,,,,,82.93166351,,,,,,,87.01515961,,,,,,,,91.40732,,,,,,,,93.46392,,,,,,,,,,,,,,,,,,,,,,,,
Syrian Arab Republic,SYR,"literacy_rate_men",SE.ADT.LITR.MA.ZS,Middle East & North Africa,MEA,"Multiple Indicator Cluster Survey (MICS), 2006","Expenditure survey/budget survey (ES/BS), 2004",Lower middle income,LMC,,,,,,,,,,,,73.58422089,,,,,,,,,,,,,,,,,,,,,91.02857,,87.75814,,,,,,,,,,,,,,,,,,,,,,,,,,,,,,
Turks and Caicos Islands,TCA,"literacy_rate_men",SE.ADT.LITR.MA.ZS,Latin America & Caribbean,LCN,,,High income,HIC,,,,,,,,,,,,,,,,,,,,,,,,,,,,,,,,,,,,,,,,,,,,,,,,,,,,,,,,,,,,,,,,,
Chad,TCD,"literacy_rate_men",SE.ADT.LITR.MA.ZS,Sub-Saharan Africa,SSF,"Multiple Indicator Cluster Survey (MICS), 2010","Priority survey (PS), 2002/03",Low income,LIC,,,,,,,,,,,,,,,,,,,,,,,,18.26059914,,,,,,,40.82706,,,,39.36825,,,,,,,,,,,38.9182,31.32879,,,,,,,,,,,,,,,,,,
Togo,TGO,"literacy_rate_men",SE.ADT.LITR.MA.ZS,Sub-Saharan Africa,SSF,"Demographic and Health Survey (DHS), 2013","Core Welfare Indicator Questionnaire Survey (CWIQ), 2011",Low income,LIC,,,,,,,,,,,,,,,,,,,,,,,,,,,,,,,68.72574,,,,,,70.27027,,,71.16635,,74.05682,,,,77.25943,,,,,,,,,,,,,,,,,,,
Thailand,THA,"literacy_rate_men",SE.ADT.LITR.MA.ZS,East Asia & Pacific,EAS,"Multiple Indicator Cluster Survey (MICS), 2012","Integrated household survey (IHS), 2011",Upper middle income,UMC,,,,,,,,,,,92.21295929,,,,,,,,,,,,,,,,,,,,94.90157,,,,,95.60024,,,,,96.43502,,,95.25126,,94.65912,,,,,,,,,,,,,,,,,,,
Tajikistan,TJK,"literacy_rate_men",SE.ADT.LITR.MA.ZS,Europe & Central Asia,ECS,"Demographic and Health Survey (DHS), 2012","Living Standards Measurement Study Survey (LSMS), 2009",Low income,LIC,,,,,,,,,,,,,,,,,,,,98.79109192,,,,,,,,,,,99.68399,,,,,,,,,,,,,,,,,,,,,,,,,,,,,,,,,,
Turkmenistan,TKM,"literacy_rate_men",SE.ADT.LITR.MA.ZS,Europe & Central Asia,ECS,"Multiple Indicator Cluster Survey (MICS), 2011","Living Standards Measurement Study Survey (LSMS), 1998",Upper middle income,UMC,,,,,,,,,,,,,,,,,,,,,,,,,,99.32498169,,,,,,,,,,,,,,,,,,,,,,,,,,,,,,,,,,,,,,,
Timor-Leste,TLS,"literacy_rate_men",SE.ADT.LITR.MA.ZS,East Asia & Pacific,EAS,"Demographic and Health Survey (DHS), 2009/10","Living Standards Measurement Study Survey (LSMS), 2007",Lower middle income,LMC,,,,,,,,,,,,,,,,,,,,,,,,,,,,,,,,45.3,,,,,,58.5,,,63.59179,,,,,,,,,,,,,,,,,,,,,,,,
Tonga,TON,"literacy_rate_men",SE.ADT.LITR.MA.ZS,East Asia & Pacific,EAS,,2013 national accounts estimates are based on IMF reports.,Upper middle income,UMC,,,,,,,99.65866089,,,,,,,,,,,,,,,,,,,,98.83406067,,,,,,,,,,98.95388,,,,,99.3351,,,,,,,,,,,,,,,,,,,,,,,
Trinidad and Tobago,TTO,"literacy_rate_men",SE.ADT.LITR.MA.ZS,Latin America & Caribbean,LCN,"Multiple Indicator Cluster Survey (MICS), 2011","Integrated household survey (IHS), 1992",High income,HIC,,,,,,,,,,,96.52153015,,,,,,,,,,98.00980377,,,,,,,,,,,,,,,,,,,,,,,,,,,,,,,,,,,,,,,,,,,,
Tunisia,TUN,"literacy_rate_men",SE.ADT.LITR.MA.ZS,Middle East & North Africa,MEA,"Multiple Indicator Cluster Survey (MICS), 2011/12","Integrated household survey (IHS), 2010",Upper middle income,UMC,,,,,,,,,,,,,,,60.40723038,,,,,,,,,,70.25630951,,,,,,,,,,83.38509,,,86.05368,86.37581,,87.37573,87.76076,88.47578,,86.06012,,,,,,,,,,,,,,,,,,,,
Turkey,TUR,"literacy_rate_men",SE.ADT.LITR.MA.ZS,Europe & Central Asia,ECS,"Demographic and Health Survey (DHS), 2003; World Health Survey (WHS), 2003","Labor force survey (LFS), 2009",Upper middle income,UMC,,,,,,77.50393677,,,,,81.44944,,,,,87.61972046,,,,,89.84703064,,,,,,,,,,,,,,95.27349,96.00062,95.99562,96.20186,,96.37771,97.29981,97.93499,98.2629,98.40137,98.49679,98.57562,,,,,,,,,,,,,,,,,,,
Tuvalu,TUV,"literacy_rate_men",SE.ADT.LITR.MA.ZS,East Asia & Pacific,EAS,,2013 national accounts estimates are based on IMF reports.,Upper middle income,UMC,,,,,,,,,,,,,,,,,,,,,,,,,,,,,,,,,,,,,,,,,,,,,,,,,,,,,,,,,,,,,,,,,
Tanzania,TZA,"literacy_rate_men",SE.ADT.LITR.MA.ZS,Sub-Saharan Africa,SSF,"HIV/Maternal and Child Health (HIV/MCH) Service Provision Assessments (SPA), 2013/14","Expenditure survey/budget survey (ES/BS), 2011/12",Low income,LIC,,,,,,,,,,,,,,,,,,,71.3657074,,,,,,,,,,,,,,77.5064,,,,,,,,75.4678,,83.37769,,,83.20485,,,,,,,,,,,,,,,,,,,
Uganda,UGA,"literacy_rate_men",SE.ADT.LITR.MA.ZS,Sub-Saharan Africa,SSF,"HIV/AIDS Indicator Survey (AIS), 2011; Demographic and Health Survey (DHS), 2011","Priority survey (PS), 2009/10",Low income,LIC,,,,,,,,,,,,,,,,,,,,,,68.1980896,,,,,,,,,,,78.30402,,,,81.38859,,,,82.63139,,79.12304,,,,,,,,,,,,,,,,,,,,,,
Ukraine,UKR,"literacy_rate_men",SE.ADT.LITR.MA.ZS,Europe & Central Asia,ECS,"Multiple Indicator Cluster Survey (MICS), 2012","Expenditure survey/budget survey (ES/BS), 2009",Lower middle income,LMC,,,,,,,,,,,,,,,,,,,,,,,,,,,,,,,,99.74343,,,,,,,,,,,99.99394,,,,,,,,,,,,,,,,,,,,,,
Upper middle income,UMC,"literacy_rate_men",SE.ADT.LITR.MA.ZS,,,,,,,,,,,,,,,,,,,,,,88.3219223,88.3219223,88.3219223,88.3219223,88.3219223,88.3219223,88.3219223,88.3219223,88.3219223,88.3219223,93.97158051,93.97158051,93.97158051,93.97158051,93.97158051,93.97158051,93.97158051,93.97158051,93.97158051,93.97158051,96.20980835,96.20980835,96.20980835,96.20980835,96.20980835,96.20980835,96.20980835,96.20980835,96.20980835,96.20980835,,,,,,,,,,,,,,,,,,,,
Uruguay,URY,"literacy_rate_men",SE.ADT.LITR.MA.ZS,Latin America & Caribbean,LCN,"Multiple Indicator Cluster Survey (MICS), 2012","Integrated household survey (IHS), 2012",High income,HIC,,,,,,93.38825989,,,,,,,,,,94.83361053,,,,,,,,,,,96.24452972,,,,,,,,,,97.44478,97.42169,97.83128,97.97242,97.61017,98.02311,98.10397,98.06342,98.02507,98.14592,,,,,,,,,,,,,,,,,,,
United States,USA,"literacy_rate_men",SE.ADT.LITR.MA.ZS,North America,NAC,,"Labor force survey (LFS), 2000",High income,HIC,,,,,,,,,,,,,,,,,,,,,,,,,,,,,,,,,,,,,,,,,,,,,,,,,,,,,,,,,,,,,,,,,
Uzbekistan,UZB,"literacy_rate_men",SE.ADT.LITR.MA.ZS,Europe & Central Asia,ECS,"Multiple Indicator Cluster Survey (MICS), 2006","Expenditure survey/budget survey (ES/BS), 2011",Lower middle income,LMC,,,,,,,,,,,,,,,,,,,,,,,,,,,,,,,99.16444,,,,,,,,,,,,,99.99383,99.98519,99.99204,,,,,,,,,,,,,,,,,,,
St. Vincent and the Grenadines,VCT,"literacy_rate_men",SE.ADT.LITR.MA.ZS,Latin America & Caribbean,LCN,,,Upper middle income,UMC,95.80000305,,,,,,,,,,,,,,,,,,,,,,,,,,,,,,,,,,,,,,,,,,,,,,,,,,,,,,,,,,,,,,,,
"Venezuela, RB",VEN,"literacy_rate_men",SE.ADT.LITR.MA.ZS,Latin America & Caribbean,LCN,"Multiple Indicator Cluster Survey (MICS), 2000","Integrated household survey (IHS), 2012",Upper middle income,UMC,,,,,,,,,,,,86.48932648,,,,,,,,,90.6725235,,,,,,,,,,,93.25745,,,,,,95.38173,,95.67537,,94.50232,,,,96.65108,97.03911,,,,,,,,,,,,,,,,,,
Virgin Islands (U.S.),VIR,"literacy_rate_men",SE.ADT.LITR.MA.ZS,Latin America & Caribbean,LCN,,,High income,HIC,,,,,,,,,,,,,,,,,,,,,,,,,,,,,,,,,,,,,,,,,,,,,,,,,,,,,,,,,,,,,,,,,
Vietnam,VNM,"literacy_rate_men",SE.ADT.LITR.MA.ZS,East Asia & Pacific,EAS,"Multiple Indicator Cluster Survey (MICS), 2010/11","Integrated household survey (IHS), 2010",Lower middle income,LMC,,,,,,,,,,90.38146973,,,,,,,,,,93.00299072,,,,,,,,,,93.91826,93.93268,,,,,,,,,95.78533,,,,,,,,,,,,,,,,,,,,,,,,,
Vanuatu,VUT,"literacy_rate_men",SE.ADT.LITR.MA.ZS,East Asia & Pacific,EAS,"Multiple Indicator Cluster Survey (MICS), 2007",2013 national accounts estimates are based on IMF reports.,Lower middle income,LMC,,,,,,,,,,57.33509827,,,,,,,,,,,,,,,71.35108948,,,,,,,,,,,,,,,,,,,,,,,,,,,,,,,,,,,,,,,,
World,WLD,"literacy_rate_men",SE.ADT.LITR.MA.ZS,,,,,,,,,,,,,,,,,,,,,,82.30943298,82.30943298,82.30943298,82.30943298,82.30943298,82.3115387,82.30943298,82.30943298,82.30943298,82.30943298,86.92801666,86.92801666,86.92801666,86.92801666,86.92801666,86.92868805,86.92801666,86.92801666,86.92801666,86.92801666,89.20466614,89.20466614,89.20466614,89.20466614,89.20466614,89.20568848,89.20466614,89.20466614,89.20466614,89.20466614,,,,,,,,,,,,,,,,,,,,
Samoa,WSM,"literacy_rate_men",SE.ADT.LITR.MA.ZS,East Asia & Pacific,EAS,"Demographic and Health Survey (DHS), 2009",,Lower middle income,LMC,,,,,,,,,,,,,,,,,,,,,,98.41568756,,,,,,,,,,,,,,,,,,,,98.88192,,,,,,,,,,,,,,,,,,,,,,,
Kosovo,XKX,"literacy_rate_men",SE.ADT.LITR.MA.ZS,Europe & Central Asia,ECS,,"Integrated household survey (IHS), 2011",Lower middle income,LMC,,,,,,,,,,,,,,,,,,,,,,,,,,,,,,,,,,,,,,,,,,,,,,,,,,,,,,,,,,,,,,,,,
"Yemen, Rep.",YEM,"literacy_rate_men",SE.ADT.LITR.MA.ZS,Middle East & North Africa,MEA,"Demographic and Health Survey (DHS), 2013","Expenditure survey/budget survey (ES/BS), 2005",Lower middle income,LMC,,,,,,,,,,,,,,,,,,,,,,,,,56.72475052,,,,,,,,,,,,,,,,,,,,,,,,,,,,,,,,,,,,,,,,
South Africa,ZAF,"literacy_rate_men",SE.ADT.LITR.MA.ZS,Sub-Saharan Africa,SSF,"Demographic and Health Survey (DHS), 2003; World Health Survey (WHS), 2003","Expenditure survey/budget survey (ES/BS), 2010",Upper middle income,UMC,,,,,,,,,,,77.52559662,,,,,,,,,,,,,,,,84.07138062,,,,,,,,,,,90.71759,,94.12146,94.14385,94.24509,94.96372,,95.28685,95.39653,,,,,,,,,,,,,,,,,,,
Zambia,ZMB,"literacy_rate_men",SE.ADT.LITR.MA.ZS,Sub-Saharan Africa,SSF,"Demographic and Health Survey (DHS), 2013","Integrated household survey (IHS), 2010",Lower middle income,LMC,,,,,,,,,,,,,,,,,,,,,73.03733826,,,,,,,,,76.25402,,,80.91286,,,,,71.94744,,,88.68403,,,,,,,,,,,,,,,,,,,,,,,,
Zimbabwe,ZWE,"literacy_rate_men",SE.ADT.LITR.MA.ZS,Sub-Saharan Africa,SSF,"Demographic and Health Survey (DHS), 2010/11","Integrated household survey (IHS), 2011/12",Low income,LIC,,,,,,,,,,,,,84.17462921,,,,,,,,,,88.89337921,,,,,,,,,,,,,,,,,,,87.76481,,,89.18537,,,,,,,,,,,,,,,,,,,,
